LeMond,FW 0.34,HW 1.0,STN,140304,10:13
TIME,SPEED,DIST,POWER,HEART RATE,RPM,CALORIES,TORQUE,TARGET HR
00:00:01, 28.1,  0.0,94,0,78,0,11,0
00:00:02, 26.6,  0.0,114,0,74,0,14,0
00:00:03, 26.6,  0.0,107,0,74,0,13,0
00:00:04, 28.1,  0.0,107,0,78,0,13,0
00:00:05, 27.4,  0.0,114,0,76,0,14,0
00:00:06, 27.0,  0.0,111,0,75,0,14,0
00:00:07, 27.4,  0.1,109,0,76,0,13,0
00:00:08, 27.4,  0.1,111,0,76,1,13,0
00:00:09, 27.0,  0.1,111,0,75,1,14,0
00:00:10, 26.3,  0.1,109,0,73,1,14,0
00:00:11, 27.0,  0.1,106,0,75,1,13,0
00:00:12, 26.6,  0.1,109,0,74,1,14,0
00:00:13, 27.0,  0.1,107,0,75,1,13,0
00:00:14, 26.3,  0.1,109,0,73,1,14,0
00:00:15, 26.3,  0.1,106,0,73,1,13,0
00:00:16, 26.3,  0.1,106,0,73,2,13,0
00:00:17, 26.3,  0.1,106,0,73,2,13,0
00:00:18, 26.3,  0.1,106,0,73,2,13,0
00:00:19, 25.6,  0.1,106,0,71,2,14,0
00:00:20, 25.6,  0.1,102,0,71,2,13,0
00:00:21, 25.6,  0.2,102,0,71,2,13,0
00:00:22, 25.6,  0.2,102,0,71,2,13,0
00:00:23, 25.6,  0.2,102,0,71,2,13,0
00:00:24, 25.2,  0.2,102,0,70,2,13,0
00:00:25, 25.6,  0.2,100,0,71,3,13,0
00:00:26, 25.9,  0.2,102,0,72,3,13,0
00:00:27, 25.9,  0.2,104,0,72,3,13,0
00:00:28, 25.9,  0.2,104,0,72,3,13,0
00:00:29, 25.6,  0.2,104,0,71,3,13,0
00:00:30, 25.2,  0.2,102,0,70,3,13,0
00:00:31, 25.2,  0.2,100,0,70,3,13,0
00:00:32, 22.3,  0.2,100,0,62,3,15,0
00:00:33, 24.8,  0.2,87,0,69,4,12,0
00:00:34, 25.2,  0.2,99,0,70,4,13,0
00:00:35, 24.8,  0.3,100,0,69,4,13,0
00:00:36, 24.5,  0.3,99,0,68,4,13,0
00:00:37, 24.5,  0.3,97,0,68,4,13,0
00:00:38, 24.5,  0.3,97,0,68,4,13,0
00:00:39, 24.1,  0.3,97,0,67,4,13,0
00:00:40, 25.2,  0.3,95,0,70,4,12,0
00:00:41, 25.2,  0.3,100,0,70,4,13,0
00:00:42, 25.2,  0.3,100,0,70,5,13,0
00:00:43, 25.2,  0.3,100,0,70,5,13,0
00:00:44, 24.5,  0.3,100,0,68,5,14,0
00:00:45, 24.5,  0.3,97,0,68,5,13,0
00:00:46, 17.3,  0.3,97,0,48,5,19,0
00:00:47, 21.2,  0.3,63,0,59,5,10,0
00:00:48, 23.4,  0.3,82,0,65,5,12,0
00:00:49, 24.5,  0.3,92,0,68,5,12,0
00:00:50, 24.8,  0.4,97,0,69,5,13,0
00:00:51, 24.5,  0.4,99,0,68,6,13,0
00:00:52, 23.8,  0.4,97,0,66,6,14,0
00:00:53, 23.8,  0.4,94,0,66,6,13,0
00:00:54, 23.4,  0.4,94,0,65,6,13,0
00:00:55, 23.8,  0.4,92,0,66,6,13,0
00:00:56, 24.1,  0.4,94,0,67,6,13,0
00:00:57, 24.5,  0.4,95,0,68,6,13,0
00:00:58, 24.5,  0.4,97,0,68,6,13,0
00:00:59, 24.8,  0.4,97,0,69,6,13,0
00:01:00, 24.8,  0.4,61,0,69,6,8,0
00:01:01, 25.2,  0.4,61,0,70,7,8,0
00:01:02, 25.6,  0.4,62,0,71,7,8,0
00:01:03, 25.9,  0.4,63,0,72,7,8,0
00:01:04, 25.6,  0.4,64,0,71,7,8,0
00:01:05, 25.6,  0.5,63,0,71,7,8,0
00:01:06, 25.9,  0.5,64,0,72,7,8,0
00:01:07, 25.9,  0.5,64,0,72,7,8,0
00:01:08, 25.2,  0.5,64,0,70,7,8,0
00:01:09, 25.2,  0.5,62,0,70,7,8,0
00:01:10, 25.2,  0.5,62,0,70,7,8,0
00:01:11, 24.8,  0.5,62,0,69,7,8,0
00:01:12, 24.8,  0.5,61,0,69,7,8,0
00:01:13, 24.8,  0.5,61,0,69,7,8,0
00:01:14, 25.2,  0.5,61,0,70,7,8,0
00:01:15, 25.2,  0.5,62,0,70,8,8,0
00:01:16, 25.2,  0.5,62,0,70,8,8,0
00:01:17, 25.2,  0.5,62,0,70,8,8,0
00:01:18, 24.8,  0.5,62,0,69,8,8,0
00:01:19, 24.5,  0.6,61,0,68,8,8,0
00:01:20, 24.8,  0.6,60,0,69,8,8,0
00:01:21, 24.8,  0.6,61,0,69,8,8,0
00:01:22, 24.5,  0.6,61,0,68,8,8,0
00:01:23, 24.5,  0.6,60,0,68,8,8,0
00:01:24, 24.5,  0.6,60,0,68,8,8,0
00:01:25, 24.5,  0.6,60,0,68,8,8,0
00:01:26, 24.5,  0.6,60,0,68,8,8,0
00:01:27, 24.5,  0.6,60,0,68,8,8,0
00:01:28, 24.5,  0.6,60,0,68,8,8,0
00:01:29, 24.5,  0.6,60,0,68,9,8,0
00:01:30, 24.5,  0.6,60,0,68,9,8,0
00:01:31, 24.5,  0.6,60,0,68,9,8,0
00:01:32, 24.5,  0.6,60,0,68,9,8,0
00:01:33, 24.5,  0.6,60,0,68,9,8,0
00:01:34, 24.1,  0.7,60,0,67,9,8,0
00:01:35, 24.5,  0.7,58,0,68,9,8,0
00:01:36, 24.5,  0.7,60,0,68,9,8,0
00:01:37, 24.5,  0.7,60,0,68,9,8,0
00:01:38, 24.5,  0.7,60,0,68,9,8,0
00:01:39, 24.1,  0.7,60,0,67,9,8,0
00:01:40, 24.1,  0.7,58,0,67,9,8,0
00:01:41, 23.8,  0.7,58,0,66,9,8,0
00:01:42, 23.8,  0.7,58,0,66,9,8,0
00:01:43, 23.8,  0.7,58,0,66,9,8,0
00:01:44, 23.8,  0.7,58,0,66,10,8,0
00:01:45, 23.4,  0.7,58,0,65,10,8,0
00:01:46, 23.4,  0.7,57,0,65,10,8,0
00:01:47, 23.4,  0.7,57,0,65,10,8,0
00:01:48, 23.4,  0.7,57,0,65,10,8,0
00:01:49, 23.0,  0.8,57,0,64,10,8,0
00:01:50, 23.0,  0.8,55,0,64,10,8,0
00:01:51, 23.0,  0.8,55,0,64,10,8,0
00:01:52, 23.0,  0.8,55,0,64,10,8,0
00:01:53, 23.4,  0.8,55,0,65,10,8,0
00:01:54, 23.4,  0.8,57,0,65,10,8,0
00:01:55, 23.8,  0.8,57,0,66,10,8,0
00:01:56, 24.5,  0.8,58,0,68,10,8,0
00:01:57, 24.5,  0.8,60,0,68,10,8,0
00:01:58, 24.1,  0.8,60,0,67,10,8,0
00:01:59, 24.1,  0.8,58,0,67,11,8,0
00:02:00, 24.5,  0.8,58,0,68,11,8,0
00:02:01, 24.5,  0.8,60,0,68,11,8,0
00:02:02, 24.1,  0.8,60,0,67,11,8,0
00:02:03, 24.1,  0.8,58,0,67,11,8,0
00:02:04, 24.5,  0.9,58,0,68,11,8,0
00:02:05, 24.5,  0.9,60,0,68,11,8,0
00:02:06, 24.5,  0.9,60,0,68,11,8,0
00:02:07, 24.5,  0.9,60,0,68,11,8,0
00:02:08, 24.5,  0.9,60,0,68,11,8,0
00:02:09, 24.5,  0.9,60,0,68,11,8,0
00:02:10, 24.1,  0.9,60,0,67,11,8,0
00:02:11, 24.5,  0.9,58,0,68,11,8,0
00:02:12, 24.1,  0.9,60,0,67,11,8,0
00:02:13, 24.5,  0.9,58,0,68,12,8,0
00:02:14, 23.8,  0.9,60,0,66,12,8,0
00:02:15, 24.1,  0.9,58,0,67,12,8,0
00:02:16, 24.5,  0.9,58,0,68,12,8,0
00:02:17, 24.5,  0.9,60,0,68,12,8,0
00:02:18, 24.5,  0.9,60,0,68,12,8,0
00:02:19, 24.8,  1.0,60,0,69,12,8,0
00:02:20, 25.2,  1.0,61,0,70,12,8,0
00:02:21, 25.2,  1.0,62,0,70,12,8,0
00:02:22, 24.8,  1.0,62,0,69,12,8,0
00:02:23, 24.8,  1.0,61,0,69,12,8,0
00:02:24, 24.8,  1.0,61,0,69,12,8,0
00:02:25, 25.2,  1.0,61,0,70,12,8,0
00:02:26, 25.2,  1.0,62,0,70,12,8,0
00:02:27, 24.8,  1.0,62,0,69,13,8,0
00:02:28, 24.8,  1.0,61,0,69,13,8,0
00:02:29, 25.2,  1.0,61,0,70,13,8,0
00:02:30, 25.2,  1.0,62,0,70,13,8,0
00:02:31, 24.8,  1.0,62,0,69,13,8,0
00:02:32, 25.2,  1.0,61,0,70,13,8,0
00:02:33, 24.8,  1.1,62,0,69,13,8,0
00:02:34, 24.8,  1.1,61,0,69,13,8,0
00:02:35, 24.8,  1.1,61,0,69,13,8,0
00:02:36, 25.2,  1.1,61,0,70,13,8,0
00:02:37, 24.8,  1.1,62,0,69,13,8,0
00:02:38, 24.8,  1.1,61,0,69,13,8,0
00:02:39, 24.8,  1.1,61,0,69,13,8,0
00:02:40, 24.8,  1.1,61,0,69,13,8,0
00:02:41, 24.8,  1.1,61,0,69,14,8,0
00:02:42, 24.5,  1.1,61,0,68,14,8,0
00:02:43, 24.1,  1.1,60,0,67,14,8,0
00:02:44, 24.1,  1.1,58,0,67,14,8,0
00:02:45, 24.5,  1.1,58,0,68,14,8,0
00:02:46, 24.5,  1.1,60,0,68,14,8,0
00:02:47, 24.5,  1.1,60,0,68,14,8,0
00:02:48, 24.5,  1.2,60,0,68,14,8,0
00:02:49, 24.5,  1.2,60,0,68,14,8,0
00:02:50, 24.1,  1.2,60,0,67,14,8,0
00:02:51, 24.1,  1.2,58,0,67,14,8,0
00:02:52, 24.1,  1.2,58,0,67,14,8,0
00:02:53, 24.1,  1.2,58,0,67,14,8,0
00:02:54, 23.8,  1.2,58,0,66,14,8,0
00:02:55, 24.1,  1.2,58,0,67,14,8,0
00:02:56, 24.5,  1.2,58,0,68,15,8,0
00:02:57, 24.5,  1.2,60,0,68,15,8,0
00:02:58, 24.8,  1.2,60,0,69,15,8,0
00:02:59, 24.8,  1.2,61,0,69,15,8,0
00:03:00, 24.8,  1.2,71,0,69,15,9,0
00:03:01, 24.5,  1.2,71,0,68,15,9,0
00:03:02, 24.5,  1.3,69,0,68,15,9,0
00:03:03, 24.5,  1.3,69,0,68,15,9,0
00:03:04, 24.8,  1.3,69,0,69,15,9,0
00:03:05, 24.8,  1.3,71,0,69,15,9,0
00:03:06, 24.8,  1.3,71,0,69,15,9,0
00:03:07, 24.8,  1.3,71,0,69,15,9,0
00:03:08, 24.5,  1.3,71,0,68,15,9,0
00:03:09, 24.1,  1.3,69,0,67,16,9,0
00:03:10, 24.1,  1.3,69,0,67,16,9,0
00:03:11, 24.1,  1.3,68,0,67,16,9,0
00:03:12, 24.5,  1.3,68,0,68,16,9,0
00:03:13, 24.5,  1.3,69,0,68,16,9,0
00:03:14, 24.5,  1.3,69,0,68,16,9,0
00:03:15, 24.5,  1.3,69,0,68,16,9,0
00:03:16, 24.5,  1.3,69,0,68,16,9,0
00:03:17, 24.1,  1.3,69,0,67,16,9,0
00:03:18, 24.1,  1.4,68,0,67,16,9,0
00:03:19, 24.1,  1.4,68,0,67,16,9,0
00:03:20, 24.1,  1.4,68,0,67,16,9,0
00:03:21, 23.8,  1.4,68,0,66,16,9,0
00:03:22, 23.8,  1.4,67,0,66,17,9,0
00:03:23, 23.8,  1.4,67,0,66,17,9,0
00:03:24, 24.1,  1.4,67,0,67,17,9,0
00:03:25, 24.1,  1.4,68,0,67,17,9,0
00:03:26, 24.5,  1.4,68,0,68,17,9,0
00:03:27, 24.1,  1.4,69,0,67,17,9,0
00:03:28, 24.1,  1.4,68,0,67,17,9,0
00:03:29, 24.1,  1.4,68,0,67,17,9,0
00:03:30, 24.8,  1.4,68,0,69,17,9,0
00:03:31, 24.5,  1.4,71,0,68,17,9,0
00:03:32, 24.1,  1.4,69,0,67,17,9,0
00:03:33, 24.1,  1.5,68,0,67,17,9,0
00:03:34, 24.1,  1.5,68,0,67,17,9,0
00:03:35, 23.8,  1.5,68,0,66,18,9,0
00:03:36, 23.8,  1.5,67,0,66,18,9,0
00:03:37, 23.8,  1.5,67,0,66,18,9,0
00:03:38, 23.8,  1.5,67,0,66,18,9,0
00:03:39, 23.8,  1.5,67,0,66,18,9,0
00:03:40, 23.8,  1.5,67,0,66,18,9,0
00:03:41, 24.1,  1.5,67,0,67,18,9,0
00:03:42, 24.1,  1.5,68,0,67,18,9,0
00:03:43, 24.1,  1.5,68,0,67,18,9,0
00:03:44, 24.5,  1.5,68,0,68,18,9,0
00:03:45, 24.1,  1.5,69,0,67,18,9,0
00:03:46, 24.1,  1.5,68,0,67,18,9,0
00:03:47, 24.1,  1.5,68,0,67,18,9,0
00:03:48, 24.1,  1.6,68,0,67,19,9,0
00:03:49, 24.1,  1.6,68,0,67,19,9,0
00:03:50, 23.4,  1.6,68,0,65,19,9,0
00:03:51, 23.8,  1.6,66,0,66,19,9,0
00:03:52, 23.8,  1.6,67,0,66,19,9,0
00:03:53, 23.8,  1.6,67,0,66,19,9,0
00:03:54, 23.8,  1.6,67,0,66,19,9,0
00:03:55, 23.8,  1.6,67,0,66,19,9,0
00:03:56, 23.4,  1.6,67,0,65,19,9,0
00:03:57, 23.4,  1.6,66,0,65,19,9,0
00:03:58, 23.8,  1.6,66,0,66,19,9,0
00:03:59, 24.1,  1.6,67,0,67,19,9,0
00:04:00, 23.8,  1.6,76,0,66,20,10,0
00:04:01, 23.4,  1.6,76,0,65,20,11,0
00:04:02, 23.8,  1.6,74,0,66,20,10,0
00:04:03, 24.1,  1.7,76,0,67,20,10,0
00:04:04, 24.1,  1.7,76,0,67,20,10,0
00:04:05, 23.8,  1.7,76,0,66,20,10,0
00:04:06, 23.4,  1.7,76,0,65,20,11,0
00:04:07, 23.8,  1.7,74,0,66,20,10,0
00:04:08, 24.1,  1.7,76,0,67,20,10,0
00:04:09, 24.8,  1.7,76,0,69,20,10,0
00:04:10, 24.5,  1.7,80,0,68,20,11,0
00:04:11, 24.1,  1.7,78,0,67,20,11,0
00:04:12, 24.1,  1.7,76,0,67,21,10,0
00:04:13, 24.1,  1.7,76,0,67,21,10,0
00:04:14, 24.5,  1.7,76,0,68,21,10,0
00:04:15, 24.5,  1.7,78,0,68,21,10,0
00:04:16, 24.5,  1.7,78,0,68,21,10,0
00:04:17, 24.1,  1.7,78,0,67,21,11,0
00:04:18, 23.8,  1.8,76,0,66,21,10,0
00:04:19, 23.8,  1.8,76,0,66,21,10,0
00:04:20, 23.8,  1.8,76,0,66,21,10,0
00:04:21, 23.8,  1.8,76,0,66,21,10,0
00:04:22, 23.8,  1.8,76,0,66,21,10,0
00:04:23, 23.4,  1.8,76,0,65,22,11,0
00:04:24, 23.0,  1.8,74,0,64,22,11,0
00:04:25, 23.0,  1.8,72,0,64,22,10,0
00:04:26, 23.0,  1.8,72,0,64,22,10,0
00:04:27, 23.0,  1.8,72,0,64,22,10,0
00:04:28, 22.7,  1.8,72,0,63,22,10,0
00:04:29, 22.7,  1.8,72,0,63,22,10,0
00:04:30, 22.7,  1.8,72,0,63,22,10,0
00:04:31, 22.7,  1.8,72,0,63,22,10,0
00:04:32, 22.7,  1.8,72,0,63,22,10,0
00:04:33, 22.7,  1.8,72,0,63,22,10,0
00:04:34, 23.0,  1.9,72,0,64,22,10,0
00:04:35, 23.4,  1.9,72,0,65,23,10,0
00:04:36, 23.8,  1.9,74,0,66,23,10,0
00:04:37, 23.8,  1.9,76,0,66,23,10,0
00:04:38, 23.8,  1.9,76,0,66,23,10,0
00:04:39, 24.1,  1.9,76,0,67,23,10,0
00:04:40, 24.1,  1.9,76,0,67,23,10,0
00:04:41, 24.5,  1.9,76,0,68,23,10,0
00:04:42, 24.5,  1.9,78,0,68,23,10,0
00:04:43, 24.5,  1.9,78,0,68,23,10,0
00:04:44, 24.5,  1.9,78,0,68,23,10,0
00:04:45, 24.1,  1.9,78,0,67,23,11,0
00:04:46, 23.4,  1.9,76,0,65,24,11,0
00:04:47, 23.4,  1.9,74,0,65,24,10,0
00:04:48, 23.4,  1.9,74,0,65,24,10,0
00:04:49, 23.4,  2.0,74,0,65,24,10,0
00:04:50, 23.4,  2.0,74,0,65,24,10,0
00:04:51, 23.4,  2.0,74,0,65,24,10,0
00:04:52, 23.4,  2.0,74,0,65,24,10,0
00:04:53, 23.4,  2.0,74,0,65,24,10,0
00:04:54, 24.1,  2.0,74,0,67,24,10,0
00:04:55, 24.1,  2.0,76,0,67,24,10,0
00:04:56, 23.8,  2.0,76,0,66,24,10,0
00:04:57, 23.8,  2.0,76,0,66,24,10,0
00:04:58, 23.0,  2.0,76,0,64,25,11,0
00:04:59, 23.4,  2.0,72,0,65,25,10,0
00:05:00, 24.5,  2.0,57,0,68,25,8,0
00:05:01, 24.5,  2.0,60,0,68,25,8,0
00:05:02, 24.5,  2.0,60,0,68,25,8,0
00:05:03, 24.5,  2.0,60,0,68,25,8,0
00:05:04, 24.8,  2.1,60,0,69,25,8,0
00:05:05, 25.2,  2.1,61,0,70,25,8,0
00:05:06, 25.2,  2.1,62,0,70,25,8,0
00:05:07, 25.2,  2.1,62,0,70,25,8,0
00:05:08, 25.6,  2.1,62,0,71,25,8,0
00:05:09, 25.9,  2.1,63,0,72,25,8,0
00:05:10, 25.9,  2.1,64,0,72,25,8,0
00:05:11, 25.9,  2.1,64,0,72,26,8,0
00:05:12, 25.6,  2.1,64,0,71,26,8,0
00:05:13, 25.6,  2.1,63,0,71,26,8,0
00:05:14, 25.6,  2.1,63,0,71,26,8,0
00:05:15, 25.6,  2.1,63,0,71,26,8,0
00:05:16, 25.2,  2.1,63,0,70,26,8,0
00:05:17, 25.2,  2.1,62,0,70,26,8,0
00:05:18, 25.2,  2.2,62,0,70,26,8,0
00:05:19, 25.2,  2.2,62,0,70,26,8,0
00:05:20, 25.2,  2.2,62,0,70,26,8,0
00:05:21, 25.2,  2.2,62,0,70,26,8,0
00:05:22, 25.2,  2.2,62,0,70,26,8,0
00:05:23, 25.2,  2.2,62,0,70,26,8,0
00:05:24, 25.2,  2.2,62,0,70,26,8,0
00:05:25, 25.6,  2.2,62,0,71,27,8,0
00:05:26, 25.9,  2.2,63,0,72,27,8,0
00:05:27, 25.9,  2.2,64,0,72,27,8,0
00:05:28, 25.9,  2.2,64,0,72,27,8,0
00:05:29, 26.3,  2.2,64,0,73,27,8,0
00:05:30, 26.6,  2.2,65,0,74,27,8,0
00:05:31, 26.6,  2.2,66,0,74,27,8,0
00:05:32, 26.6,  2.3,66,0,74,27,8,0
00:05:33, 26.6,  2.3,66,0,74,27,8,0
00:05:34, 21.6,  2.3,66,0,60,27,10,0
00:05:35, 25.2,  2.3,51,0,70,27,6,0
00:05:36, 27.4,  2.3,62,0,76,27,7,0
00:05:37, 27.0,  2.3,68,0,75,27,8,0
00:05:38, 26.6,  2.3,67,0,74,27,8,0
00:05:39, 26.6,  2.3,66,0,74,28,8,0
00:05:40, 27.0,  2.3,66,0,75,28,8,0
00:05:41, 26.6,  2.3,67,0,74,28,8,0
00:05:42, 26.3,  2.3,66,0,73,28,8,0
00:05:43, 25.9,  2.3,65,0,72,28,8,0
00:05:44, 25.6,  2.3,64,0,71,28,8,0
00:05:45, 25.2,  2.3,63,0,70,28,8,0
00:05:46, 24.8,  2.4,61,0,69,28,8,0
00:05:47, 24.8,  2.4,61,0,69,28,8,0
00:05:48, 25.9,  2.4,61,0,72,28,8,0
00:05:49, 26.3,  2.4,64,0,73,28,8,0
00:05:50, 27.0,  2.4,65,0,75,28,8,0
00:05:51, 27.7,  2.4,68,0,77,28,8,0
00:05:52, 27.0,  2.4,69,0,75,29,8,0
00:05:53, 26.6,  2.4,67,0,74,29,8,0
00:05:54, 26.6,  2.4,66,0,74,29,8,0
00:05:55, 26.3,  2.4,66,0,73,29,8,0
00:05:56, 25.6,  2.4,65,0,71,29,8,0
00:05:57, 25.6,  2.4,63,0,71,29,8,0
00:05:58, 25.6,  2.4,63,0,71,29,8,0
00:05:59, 25.6,  2.4,63,0,71,29,8,0
00:06:00, 25.6,  2.5,54,0,71,29,7,0
00:06:01, 25.9,  2.5,54,0,72,29,7,0
00:06:02, 25.9,  2.5,55,0,72,29,7,0
00:06:03, 25.9,  2.5,55,0,72,29,7,0
00:06:04, 26.3,  2.5,55,0,73,29,7,0
00:06:05, 26.6,  2.5,56,0,74,29,7,0
00:06:06, 26.6,  2.5,56,0,74,30,7,0
00:06:07, 27.0,  2.5,56,0,75,30,7,0
00:06:08, 26.6,  2.5,57,0,74,30,7,0
00:06:09, 26.3,  2.5,56,0,73,30,7,0
00:06:10, 25.9,  2.5,56,0,72,30,7,0
00:06:11, 25.6,  2.5,55,0,71,30,7,0
00:06:12, 25.9,  2.5,54,0,72,30,7,0
00:06:13, 25.9,  2.6,55,0,72,30,7,0
00:06:14, 26.3,  2.6,55,0,73,30,7,0
00:06:15, 26.3,  2.6,56,0,73,30,7,0
00:06:16, 25.9,  2.6,56,0,72,30,7,0
00:06:17, 25.6,  2.6,55,0,71,30,7,0
00:06:18, 25.2,  2.6,54,0,70,30,7,0
00:06:19, 25.2,  2.6,53,0,70,30,7,0
00:06:20, 24.8,  2.6,53,0,69,30,7,0
00:06:21, 24.8,  2.6,52,0,69,30,7,0
00:06:22, 24.8,  2.6,52,0,69,31,7,0
00:06:23, 24.8,  2.6,52,0,69,31,7,0
00:06:24, 25.2,  2.6,52,0,70,31,7,0
00:06:25, 24.8,  2.6,53,0,69,31,7,0
00:06:26, 25.2,  2.6,52,0,70,31,7,0
00:06:27, 25.2,  2.7,53,0,70,31,7,0
00:06:28, 25.6,  2.7,53,0,71,31,7,0
00:06:29, 25.6,  2.7,54,0,71,31,7,0
00:06:30, 25.6,  2.7,54,0,71,31,7,0
00:06:31, 25.6,  2.7,54,0,71,31,7,0
00:06:32, 25.6,  2.7,54,0,71,31,7,0
00:06:33, 25.2,  2.7,54,0,70,31,7,0
00:06:34, 25.2,  2.7,53,0,70,31,7,0
00:06:35, 25.2,  2.7,53,0,70,31,7,0
00:06:36, 25.6,  2.7,53,0,71,31,7,0
00:06:37, 25.9,  2.7,54,0,72,31,7,0
00:06:38, 25.9,  2.7,55,0,72,32,7,0
00:06:39, 25.6,  2.7,54,0,71,32,7,0
00:06:40, 25.6,  2.7,54,0,71,32,7,0
00:06:41, 25.2,  2.7,54,0,70,32,7,0
00:06:42, 25.6,  2.8,53,0,71,32,7,0
00:06:43, 25.6,  2.8,54,0,71,32,7,0
00:06:44, 26.3,  2.8,54,0,73,32,7,0
00:06:45, 26.3,  2.8,56,0,73,32,7,0
00:06:46, 26.6,  2.8,56,0,74,32,7,0
00:06:47, 26.6,  2.8,56,0,74,32,7,0
00:06:48, 26.6,  2.8,56,0,74,32,7,0
00:06:49, 26.3,  2.8,56,0,73,32,7,0
00:06:50, 26.3,  2.8,56,0,73,32,7,0
00:06:51, 26.3,  2.8,56,0,73,32,7,0
00:06:52, 26.3,  2.8,56,0,73,32,7,0
00:06:53, 26.3,  2.8,56,0,73,32,7,0
00:06:54, 25.9,  2.8,56,0,72,33,7,0
00:06:55, 26.3,  2.9,55,0,73,33,7,0
00:06:56, 26.6,  2.9,56,0,74,33,7,0
00:06:57, 26.6,  2.9,56,0,74,33,7,0
00:06:58, 26.6,  2.9,56,0,74,33,7,0
00:06:59, 27.0,  2.9,56,0,75,33,7,0
00:07:00, 27.4,  2.9,57,0,76,33,7,0
00:07:01, 27.4,  2.9,58,0,76,33,7,0
00:07:02, 27.0,  2.9,58,0,75,33,7,0
00:07:03, 27.0,  2.9,57,0,75,33,7,0
00:07:04, 27.4,  2.9,57,0,76,33,7,0
00:07:05, 27.4,  2.9,58,0,76,33,7,0
00:07:06, 27.0,  2.9,58,0,75,33,7,0
00:07:07, 27.4,  2.9,57,0,76,33,7,0
00:07:08, 27.4,  2.9,58,0,76,33,7,0
00:07:09, 27.0,  3.0,58,0,75,34,7,0
00:07:10, 27.0,  3.0,57,0,75,34,7,0
00:07:11, 26.6,  3.0,57,0,74,34,7,0
00:07:12, 26.6,  3.0,56,0,74,34,7,0
00:07:13, 27.0,  3.0,56,0,75,34,7,0
00:07:14, 26.6,  3.0,57,0,74,34,7,0
00:07:15, 26.3,  3.0,56,0,73,34,7,0
00:07:16, 27.0,  3.0,56,0,75,34,7,0
00:07:17, 27.0,  3.0,57,0,75,34,7,0
00:07:18, 26.6,  3.0,57,0,74,34,7,0
00:07:19, 27.0,  3.0,56,0,75,34,7,0
00:07:20, 27.0,  3.0,57,0,75,34,7,0
00:07:21, 27.4,  3.0,57,0,76,34,7,0
00:07:22, 27.4,  3.0,57,0,76,34,7,0
00:07:23, 27.4,  3.1,58,0,76,34,7,0
00:07:24, 27.4,  3.1,58,0,76,34,7,0
00:07:25, 27.7,  3.1,58,0,77,35,7,0
00:07:26, 28.1,  3.1,59,0,78,35,7,0
00:07:27, 28.1,  3.1,60,0,78,35,7,0
00:07:28, 28.1,  3.1,60,0,78,35,7,0
00:07:29, 28.1,  3.1,60,0,78,35,7,0
00:07:30, 28.1,  3.1,60,0,78,35,7,0
00:07:31, 28.1,  3.1,60,0,78,35,7,0
00:07:32, 27.7,  3.1,60,0,77,35,7,0
00:07:33, 27.7,  3.1,59,0,77,35,7,0
00:07:34, 27.7,  3.1,59,0,77,35,7,0
00:07:35, 28.1,  3.1,59,0,78,35,7,0
00:07:36, 28.1,  3.2,60,0,78,35,7,0
00:07:37, 28.1,  3.2,60,0,78,35,7,0
00:07:38, 28.1,  3.2,60,0,78,35,7,0
00:07:39, 28.1,  3.2,60,0,78,36,7,0
00:07:40, 27.7,  3.2,60,0,77,36,7,0
00:07:41, 27.4,  3.2,59,0,76,36,7,0
00:07:42, 27.4,  3.2,58,0,76,36,7,0
00:07:43, 27.4,  3.2,58,0,76,36,7,0
00:07:44, 27.7,  3.2,58,0,77,36,7,0
00:07:45, 23.8,  3.2,59,0,66,36,8,0
00:07:46, 27.0,  3.2,49,0,75,36,6,0
00:07:47, 27.0,  3.2,57,0,75,36,7,0
00:07:48, 26.3,  3.2,57,0,73,36,7,0
00:07:49, 26.3,  3.3,56,0,73,36,7,0
00:07:50, 27.0,  3.3,56,0,75,36,7,0
00:07:51, 27.0,  3.3,57,0,75,36,7,0
00:07:52, 27.0,  3.3,57,0,75,36,7,0
00:07:53, 27.0,  3.3,57,0,75,36,7,0
00:07:54, 27.0,  3.3,57,0,75,36,7,0
00:07:55, 26.6,  3.3,57,0,74,37,7,0
00:07:56, 26.3,  3.3,56,0,73,37,7,0
00:07:57, 26.3,  3.3,56,0,73,37,7,0
00:07:58, 26.6,  3.3,56,0,74,37,7,0
00:07:59, 26.3,  3.3,56,0,73,37,7,0
00:08:00, 26.6,  3.3,65,0,74,37,8,0
00:08:01, 26.6,  3.3,66,0,74,37,8,0
00:08:02, 26.6,  3.3,66,0,74,37,8,0
00:08:03, 27.0,  3.4,66,0,75,37,8,0
00:08:04, 26.6,  3.4,67,0,74,37,8,0
00:08:05, 26.3,  3.4,66,0,73,37,8,0
00:08:06, 25.9,  3.4,65,0,72,37,8,0
00:08:07, 26.3,  3.4,64,0,73,37,8,0
00:08:08, 26.3,  3.4,65,0,73,38,8,0
00:08:09, 26.3,  3.4,65,0,73,38,8,0
00:08:10, 26.3,  3.4,65,0,73,38,8,0
00:08:11, 26.3,  3.4,65,0,73,38,8,0
00:08:12, 25.9,  3.4,65,0,72,38,8,0
00:08:13, 25.9,  3.4,64,0,72,38,8,0
00:08:14, 25.9,  3.4,64,0,72,38,8,0
00:08:15, 25.2,  3.4,64,0,70,38,8,0
00:08:16, 25.2,  3.5,62,0,70,38,8,0
00:08:17, 25.6,  3.5,62,0,71,38,8,0
00:08:18, 25.9,  3.5,63,0,72,38,8,0
00:08:19, 25.9,  3.5,64,0,72,38,8,0
00:08:20, 26.6,  3.5,64,0,74,38,8,0
00:08:21, 27.0,  3.5,66,0,75,38,8,0
00:08:22, 27.0,  3.5,67,0,75,39,8,0
00:08:23, 26.6,  3.5,67,0,74,39,8,0
00:08:24, 26.3,  3.5,66,0,73,39,8,0
00:08:25, 26.3,  3.5,65,0,73,39,8,0
00:08:26, 26.6,  3.5,65,0,74,39,8,0
00:08:27, 26.6,  3.5,66,0,74,39,8,0
00:08:28, 26.6,  3.5,66,0,74,39,8,0
00:08:29, 26.6,  3.5,66,0,74,39,8,0
00:08:30, 26.6,  3.6,66,0,74,39,8,0
00:08:31, 27.0,  3.6,66,0,75,39,8,0
00:08:32, 27.0,  3.6,67,0,75,39,8,0
00:08:33, 27.0,  3.6,67,0,75,39,8,0
00:08:34, 27.0,  3.6,67,0,75,39,8,0
00:08:35, 27.0,  3.6,67,0,75,40,8,0
00:08:36, 26.6,  3.6,67,0,74,40,8,0
00:08:37, 26.3,  3.6,66,0,73,40,8,0
00:08:38, 26.3,  3.6,65,0,73,40,8,0
00:08:39, 26.6,  3.6,65,0,74,40,8,0
00:08:40, 27.0,  3.6,66,0,75,40,8,0
00:08:41, 27.0,  3.6,67,0,75,40,8,0
00:08:42, 27.0,  3.6,67,0,75,40,8,0
00:08:43, 27.0,  3.6,67,0,75,40,8,0
00:08:44, 27.0,  3.7,67,0,75,40,8,0
00:08:45, 27.0,  3.7,67,0,75,40,8,0
00:08:46, 27.0,  3.7,67,0,75,40,8,0
00:08:47, 27.0,  3.7,67,0,75,40,8,0
00:08:48, 27.0,  3.7,67,0,75,41,8,0
00:08:49, 27.0,  3.7,67,0,75,41,8,0
00:08:50, 26.6,  3.7,67,0,74,41,8,0
00:08:51, 26.6,  3.7,66,0,74,41,8,0
00:08:52, 27.0,  3.7,66,0,75,41,8,0
00:08:53, 27.4,  3.7,68,0,76,41,8,0
00:08:54, 27.0,  3.7,68,0,75,41,8,0
00:08:55, 27.0,  3.7,67,0,75,41,8,0
00:08:56, 27.0,  3.7,67,0,75,41,8,0
00:08:57, 27.0,  3.8,67,0,75,41,8,0
00:08:58, 26.6,  3.8,67,0,74,41,8,0
00:08:59, 27.0,  3.8,66,0,75,41,8,0
00:09:00, 27.4,  3.8,78,0,76,42,9,0
00:09:01, 27.0,  3.8,79,0,75,42,10,0
00:09:02, 27.0,  3.8,78,0,75,42,9,0
00:09:03, 27.0,  3.8,78,0,75,42,9,0
00:09:04, 27.0,  3.8,78,0,75,42,9,0
00:09:05, 27.0,  3.8,78,0,75,42,9,0
00:09:06, 27.0,  3.8,78,0,75,42,9,0
00:09:07, 27.0,  3.8,78,0,75,42,9,0
00:09:08, 27.0,  3.8,78,0,75,42,9,0
00:09:09, 27.4,  3.8,78,0,76,42,9,0
00:09:10, 27.4,  3.9,79,0,76,42,9,0
00:09:11, 26.6,  3.9,79,0,74,43,10,0
00:09:12, 26.6,  3.9,77,0,74,43,9,0
00:09:13, 26.6,  3.9,77,0,74,43,9,0
00:09:14, 27.0,  3.9,77,0,75,43,9,0
00:09:15, 26.6,  3.9,78,0,74,43,10,0
00:09:16, 26.6,  3.9,77,0,74,43,9,0
00:09:17, 26.6,  3.9,77,0,74,43,9,0
00:09:18, 26.3,  3.9,77,0,73,43,10,0
00:09:19, 26.3,  3.9,76,0,73,43,9,0
00:09:20, 26.3,  3.9,76,0,73,43,9,0
00:09:21, 26.3,  3.9,76,0,73,43,9,0
00:09:22, 26.3,  3.9,76,0,73,43,9,0
00:09:23, 25.9,  3.9,76,0,72,44,10,0
00:09:24, 25.9,  4.0,74,0,72,44,9,0
00:09:25, 25.9,  4.0,74,0,72,44,9,0
00:09:26, 25.9,  4.0,74,0,72,44,9,0
00:09:27, 25.9,  4.0,74,0,72,44,9,0
00:09:28, 25.9,  4.0,74,0,72,44,9,0
00:09:29, 25.9,  4.0,74,0,72,44,9,0
00:09:30, 25.9,  4.0,74,0,72,44,9,0
00:09:31, 25.9,  4.0,74,0,72,44,9,0
00:09:32, 25.9,  4.0,74,0,72,44,9,0
00:09:33, 25.9,  4.0,74,0,72,44,9,0
00:09:34, 25.9,  4.0,74,0,72,45,9,0
00:09:35, 25.9,  4.0,74,0,72,45,9,0
00:09:36, 25.9,  4.0,74,0,72,45,9,0
00:09:37, 25.6,  4.0,74,0,71,45,9,0
00:09:38, 25.9,  4.1,73,0,72,45,9,0
00:09:39, 25.9,  4.1,74,0,72,45,9,0
00:09:40, 25.9,  4.1,74,0,72,45,9,0
00:09:41, 25.9,  4.1,74,0,72,45,9,0
00:09:42, 25.9,  4.1,74,0,72,45,9,0
00:09:43, 25.9,  4.1,74,0,72,45,9,0
00:09:44, 25.9,  4.1,74,0,72,45,9,0
00:09:45, 26.3,  4.1,74,0,73,45,9,0
00:09:46, 26.3,  4.1,76,0,73,46,9,0
00:09:47, 26.3,  4.1,76,0,73,46,9,0
00:09:48, 26.3,  4.1,76,0,73,46,9,0
00:09:49, 26.3,  4.1,76,0,73,46,9,0
00:09:50, 25.9,  4.1,76,0,72,46,10,0
00:09:51, 25.9,  4.2,74,0,72,46,9,0
00:09:52, 25.9,  4.2,74,0,72,46,9,0
00:09:53, 25.9,  4.2,74,0,72,46,9,0
00:09:54, 25.9,  4.2,74,0,72,46,9,0
00:09:55, 25.6,  4.2,74,0,71,46,9,0
00:09:56, 25.6,  4.2,73,0,71,46,9,0
00:09:57, 25.2,  4.2,72,0,70,46,9,0
00:09:58, 25.2,  4.2,72,0,70,46,9,0
00:09:59, 24.8,  4.2,72,0,69,47,9,0
00:10:00, 24.5,  4.2,80,0,68,47,11,0
00:10:01, 24.5,  4.2,78,0,68,47,10,0
00:10:02, 24.8,  4.2,78,0,69,47,10,0
00:10:03, 25.2,  4.2,80,0,70,47,10,0
00:10:04, 25.2,  4.2,81,0,70,47,11,0
00:10:05, 25.2,  4.2,81,0,70,47,11,0
00:10:06, 24.8,  4.2,81,0,69,47,11,0
00:10:07, 24.8,  4.3,80,0,69,47,11,0
00:10:08, 25.6,  4.3,80,0,71,47,10,0
00:10:09, 25.6,  4.3,82,0,71,48,11,0
00:10:10, 25.2,  4.3,82,0,70,48,11,0
00:10:11, 25.2,  4.3,81,0,70,48,11,0
00:10:12, 25.2,  4.3,81,0,70,48,11,0
00:10:13, 25.2,  4.3,81,0,70,48,11,0
00:10:14, 25.2,  4.3,81,0,70,48,11,0
00:10:15, 25.2,  4.3,81,0,70,48,11,0
00:10:16, 25.2,  4.3,81,0,70,48,11,0
00:10:17, 24.8,  4.3,81,0,69,48,11,0
00:10:18, 24.8,  4.3,80,0,69,48,11,0
00:10:19, 24.8,  4.3,80,0,69,48,11,0
00:10:20, 24.8,  4.3,80,0,69,49,11,0
00:10:21, 24.8,  4.4,80,0,69,49,11,0
00:10:22, 24.8,  4.4,80,0,69,49,11,0
00:10:23, 24.8,  4.4,80,0,69,49,11,0
00:10:24, 24.8,  4.4,80,0,69,49,11,0
00:10:25, 24.8,  4.4,80,0,69,49,11,0
00:10:26, 25.2,  4.4,80,0,70,49,10,0
00:10:27, 25.2,  4.4,81,0,70,49,11,0
00:10:28, 25.2,  4.4,81,0,70,49,11,0
00:10:29, 25.2,  4.4,81,0,70,49,11,0
00:10:30, 25.2,  4.4,81,0,70,49,11,0
00:10:31, 25.2,  4.4,81,0,70,50,11,0
00:10:32, 25.2,  4.4,81,0,70,50,11,0
00:10:33, 25.2,  4.4,81,0,70,50,11,0
00:10:34, 25.2,  4.4,81,0,70,50,11,0
00:10:35, 24.5,  4.5,81,0,68,50,11,0
00:10:36, 24.5,  4.5,78,0,68,50,10,0
00:10:37, 24.5,  4.5,78,0,68,50,10,0
00:10:38, 24.5,  4.5,78,0,68,50,10,0
00:10:39, 24.5,  4.5,78,0,68,50,10,0
00:10:40, 24.5,  4.5,78,0,68,50,10,0
00:10:41, 24.5,  4.5,78,0,68,50,10,0
00:10:42, 24.8,  4.5,78,0,69,51,10,0
00:10:43, 24.8,  4.5,80,0,69,51,11,0
00:10:44, 24.8,  4.5,80,0,69,51,11,0
00:10:45, 24.8,  4.5,80,0,69,51,11,0
00:10:46, 24.5,  4.5,80,0,68,51,11,0
00:10:47, 24.5,  4.5,78,0,68,51,10,0
00:10:48, 23.8,  4.5,78,0,66,51,11,0
00:10:49, 23.8,  4.5,76,0,66,51,10,0
00:10:50, 23.8,  4.6,76,0,66,51,10,0
00:10:51, 24.8,  4.6,76,0,69,51,10,0
00:10:52, 25.6,  4.6,80,0,71,51,10,0
00:10:53, 25.6,  4.6,82,0,71,52,11,0
00:10:54, 21.6,  4.6,82,0,60,52,13,0
00:10:55, 24.1,  4.6,67,0,67,52,9,0
00:10:56, 24.5,  4.6,76,0,68,52,10,0
00:10:57, 24.5,  4.6,78,0,68,52,10,0
00:10:58, 24.5,  4.6,78,0,68,52,10,0
00:10:59, 24.5,  4.6,78,0,68,52,10,0
00:11:00, 24.5,  4.6,88,0,68,52,12,0
00:11:01, 24.1,  4.6,88,0,67,52,12,0
00:11:02, 24.1,  4.6,86,0,67,52,12,0
00:11:03, 24.1,  4.6,86,0,67,53,12,0
00:11:04, 24.5,  4.6,86,0,68,53,12,0
00:11:05, 24.5,  4.7,88,0,68,53,12,0
00:11:06, 24.5,  4.7,88,0,68,53,12,0
00:11:07, 24.5,  4.7,88,0,68,53,12,0
00:11:08, 24.5,  4.7,88,0,68,53,12,0
00:11:09, 24.1,  4.7,88,0,67,53,12,0
00:11:10, 24.1,  4.7,86,0,67,53,12,0
00:11:11, 24.1,  4.7,86,0,67,53,12,0
00:11:12, 24.5,  4.7,86,0,68,53,12,0
00:11:13, 24.5,  4.7,88,0,68,54,12,0
00:11:14, 24.8,  4.7,88,0,69,54,12,0
00:11:15, 24.8,  4.7,90,0,69,54,12,0
00:11:16, 24.8,  4.7,90,0,69,54,12,0
00:11:17, 24.8,  4.7,90,0,69,54,12,0
00:11:18, 24.5,  4.7,90,0,68,54,12,0
00:11:19, 24.5,  4.7,88,0,68,54,12,0
00:11:20, 24.5,  4.8,88,0,68,54,12,0
00:11:21, 24.5,  4.8,88,0,68,54,12,0
00:11:22, 24.8,  4.8,88,0,69,54,12,0
00:11:23, 24.8,  4.8,90,0,69,55,12,0
00:11:24, 25.2,  4.8,90,0,70,55,12,0
00:11:25, 24.5,  4.8,91,0,68,55,12,0
00:11:26, 24.5,  4.8,88,0,68,55,12,0
00:11:27, 24.8,  4.8,88,0,69,55,12,0
00:11:28, 25.2,  4.8,90,0,70,55,12,0
00:11:29, 24.8,  4.8,91,0,69,55,12,0
00:11:30, 24.5,  4.8,90,0,68,55,12,0
00:11:31, 24.5,  4.8,88,0,68,55,12,0
00:11:32, 24.1,  4.8,86,0,67,56,12,0
00:11:33, 24.1,  4.8,86,0,67,56,12,0
00:11:34, 24.5,  4.8,86,0,68,56,12,0
00:11:35, 24.5,  4.9,88,0,68,56,12,0
00:11:36, 24.5,  4.9,88,0,68,56,12,0
00:11:37, 24.1,  4.9,88,0,67,56,12,0
00:11:38, 24.1,  4.9,86,0,67,56,12,0
00:11:39, 24.1,  4.9,86,0,67,56,12,0
00:11:40, 24.1,  4.9,86,0,67,56,12,0
00:11:41, 24.1,  4.9,86,0,67,56,12,0
00:11:42, 23.8,  4.9,86,0,66,56,12,0
00:11:43, 23.8,  4.9,85,0,66,57,12,0
00:11:44, 23.8,  4.9,85,0,66,57,12,0
00:11:45, 24.1,  4.9,85,0,67,57,12,0
00:11:46, 24.5,  4.9,86,0,68,57,12,0
00:11:47, 24.5,  4.9,88,0,68,57,12,0
00:11:48, 24.5,  4.9,88,0,68,57,12,0
00:11:49, 24.5,  4.9,88,0,68,57,12,0
00:11:50, 24.5,  5.0,88,0,68,57,12,0
00:11:51, 24.8,  5.0,88,0,69,57,12,0
00:11:52, 24.8,  5.0,90,0,69,57,12,0
00:11:53, 24.8,  5.0,90,0,69,58,12,0
00:11:54, 24.8,  5.0,90,0,69,58,12,0
00:11:55, 24.8,  5.0,90,0,69,58,12,0
00:11:56, 24.5,  5.0,90,0,68,58,12,0
00:11:57, 24.5,  5.0,88,0,68,58,12,0
00:11:58, 24.5,  5.0,88,0,68,58,12,0
00:11:59, 24.5,  5.0,88,0,68,58,12,0
00:12:00, 24.5,  5.0,97,0,68,58,13,0
00:12:01, 24.8,  5.0,97,0,69,58,13,0
00:12:02, 24.8,  5.0,99,0,69,58,13,0
00:12:03, 24.5,  5.0,99,0,68,59,13,0
00:12:04, 24.1,  5.0,97,0,67,59,13,0
00:12:05, 24.5,  5.1,95,0,68,59,13,0
00:12:06, 24.5,  5.1,97,0,68,59,13,0
00:12:07, 24.5,  5.1,97,0,68,59,13,0
00:12:08, 24.5,  5.1,97,0,68,59,13,0
00:12:09, 24.5,  5.1,97,0,68,59,13,0
00:12:10, 24.5,  5.1,97,0,68,59,13,0
00:12:11, 24.5,  5.1,97,0,68,60,13,0
00:12:12, 24.1,  5.1,97,0,67,60,13,0
00:12:13, 24.1,  5.1,95,0,67,60,13,0
00:12:14, 24.1,  5.1,95,0,67,60,13,0
00:12:15, 24.1,  5.1,95,0,67,60,13,0
00:12:16, 24.5,  5.1,95,0,68,60,13,0
00:12:17, 23.8,  5.1,97,0,66,60,14,0
00:12:18, 23.8,  5.1,94,0,66,60,13,0
00:12:19, 24.1,  5.1,94,0,67,60,13,0
00:12:20, 24.1,  5.2,95,0,67,60,13,0
00:12:21, 23.8,  5.2,95,0,66,61,13,0
00:12:22, 23.8,  5.2,94,0,66,61,13,0
00:12:23, 23.8,  5.2,94,0,66,61,13,0
00:12:24, 23.8,  5.2,94,0,66,61,13,0
00:12:25, 24.1,  5.2,94,0,67,61,13,0
00:12:26, 24.1,  5.2,95,0,67,61,13,0
00:12:27, 23.8,  5.2,95,0,66,61,13,0
00:12:28, 24.1,  5.2,94,0,67,61,13,0
00:12:29, 24.1,  5.2,95,0,67,61,13,0
00:12:30, 23.8,  5.2,95,0,66,62,13,0
00:12:31, 23.8,  5.2,94,0,66,62,13,0
00:12:32, 23.8,  5.2,94,0,66,62,13,0
00:12:33, 23.8,  5.2,94,0,66,62,13,0
00:12:34, 23.8,  5.2,94,0,66,62,13,0
00:12:35, 24.1,  5.3,94,0,67,62,13,0
00:12:36, 24.1,  5.3,95,0,67,62,13,0
00:12:37, 24.1,  5.3,95,0,67,62,13,0
00:12:38, 24.5,  5.3,95,0,68,62,13,0
00:12:39, 24.5,  5.3,97,0,68,63,13,0
00:12:40, 24.1,  5.3,97,0,67,63,13,0
00:12:41, 24.5,  5.3,95,0,68,63,13,0
00:12:42, 24.1,  5.3,97,0,67,63,13,0
00:12:43, 23.8,  5.3,95,0,66,63,13,0
00:12:44, 23.8,  5.3,94,0,66,63,13,0
00:12:45, 23.8,  5.3,94,0,66,63,13,0
00:12:46, 23.8,  5.3,94,0,66,63,13,0
00:12:47, 23.8,  5.3,94,0,66,63,13,0
00:12:48, 23.8,  5.3,94,0,66,64,13,0
00:12:49, 23.8,  5.3,94,0,66,64,13,0
00:12:50, 23.8,  5.4,94,0,66,64,13,0
00:12:51, 23.8,  5.4,94,0,66,64,13,0
00:12:52, 23.8,  5.4,94,0,66,64,13,0
00:12:53, 23.8,  5.4,94,0,66,64,13,0
00:12:54, 24.1,  5.4,94,0,67,64,13,0
00:12:55, 24.1,  5.4,95,0,67,64,13,0
00:12:56, 24.1,  5.4,95,0,67,64,13,0
00:12:57, 24.1,  5.4,95,0,67,65,13,0
00:12:58, 24.1,  5.4,95,0,67,65,13,0
00:12:59, 23.8,  5.4,95,0,66,65,13,0
00:13:00, 23.8,  5.4,103,0,66,65,14,0
00:13:01, 23.8,  5.4,103,0,66,65,14,0
00:13:02, 23.4,  5.4,103,0,65,65,15,0
00:13:03, 23.4,  5.4,101,0,65,65,14,0
00:13:04, 23.4,  5.4,101,0,65,65,14,0
00:13:05, 23.4,  5.5,101,0,65,65,14,0
00:13:06, 23.4,  5.5,101,0,65,66,14,0
00:13:07, 23.0,  5.5,101,0,64,66,15,0
00:13:08, 23.0,  5.5,99,0,64,66,14,0
00:13:09, 23.8,  5.5,99,0,66,66,14,0
00:13:10, 23.8,  5.5,103,0,66,66,14,0
00:13:11, 23.8,  5.5,103,0,66,66,14,0
00:13:12, 23.8,  5.5,103,0,66,66,14,0
00:13:13, 23.8,  5.5,103,0,66,66,14,0
00:13:14, 23.4,  5.5,103,0,65,67,15,0
00:13:15, 23.8,  5.5,101,0,66,67,14,0
00:13:16, 24.1,  5.5,103,0,67,67,14,0
00:13:17, 24.1,  5.5,104,0,67,67,14,0
00:13:18, 24.1,  5.5,104,0,67,67,14,0
00:13:19, 23.8,  5.5,104,0,66,67,15,0
00:13:20, 24.1,  5.6,103,0,67,67,14,0
00:13:21, 24.1,  5.6,104,0,67,67,14,0
00:13:22, 23.8,  5.6,104,0,66,68,15,0
00:13:23, 24.1,  5.6,103,0,67,68,14,0
00:13:24, 24.1,  5.6,104,0,67,68,14,0
00:13:25, 23.4,  5.6,104,0,65,68,15,0
00:13:26, 23.4,  5.6,101,0,65,68,14,0
00:13:27, 23.8,  5.6,101,0,66,68,14,0
00:13:28, 23.8,  5.6,103,0,66,68,14,0
00:13:29, 23.8,  5.6,103,0,66,68,14,0
00:13:30, 23.8,  5.6,103,0,66,68,14,0
00:13:31, 23.8,  5.6,103,0,66,69,14,0
00:13:32, 24.1,  5.6,103,0,67,69,14,0
00:13:33, 24.1,  5.6,104,0,67,69,14,0
00:13:34, 23.8,  5.6,104,0,66,69,15,0
00:13:35, 23.8,  5.7,103,0,66,69,14,0
00:13:36, 23.8,  5.7,103,0,66,69,14,0
00:13:37, 23.8,  5.7,103,0,66,69,14,0
00:13:38, 23.8,  5.7,103,0,66,69,14,0
00:13:39, 23.8,  5.7,103,0,66,70,14,0
00:13:40, 24.1,  5.7,103,0,67,70,14,0
00:13:41, 24.5,  5.7,104,0,68,70,14,0
00:13:42, 24.5,  5.7,106,0,68,70,14,0
00:13:43, 24.5,  5.7,106,0,68,70,14,0
00:13:44, 24.5,  5.7,106,0,68,70,14,0
00:13:45, 24.5,  5.7,106,0,68,70,14,0
00:13:46, 24.5,  5.7,106,0,68,70,14,0
00:13:47, 24.5,  5.7,106,0,68,71,14,0
00:13:48, 24.5,  5.7,106,0,68,71,14,0
00:13:49, 24.5,  5.7,106,0,68,71,14,0
00:13:50, 24.5,  5.8,106,0,68,71,14,0
00:13:51, 24.1,  5.8,106,0,67,71,15,0
00:13:52, 24.5,  5.8,104,0,68,71,14,0
00:13:53, 24.5,  5.8,106,0,68,71,14,0
00:13:54, 24.8,  5.8,106,0,69,71,14,0
00:13:55, 24.8,  5.8,108,0,69,72,14,0
00:13:56, 24.5,  5.8,108,0,68,72,15,0
00:13:57, 24.5,  5.8,106,0,68,72,14,0
00:13:58, 24.5,  5.8,106,0,68,72,14,0
00:13:59, 24.5,  5.8,106,0,68,72,14,0
00:14:00, 24.5,  5.8,69,0,68,72,9,0
00:14:01, 24.8,  5.8,69,0,69,72,9,0
00:14:02, 24.8,  5.8,71,0,69,72,9,0
00:14:03, 24.8,  5.8,71,0,69,72,9,0
00:14:04, 22.0,  5.8,71,0,61,72,11,0
00:14:05, 24.8,  5.9,61,0,69,72,8,0
00:14:06, 25.9,  5.9,71,0,72,73,9,0
00:14:07, 26.3,  5.9,74,0,73,73,9,0
00:14:08, 26.3,  5.9,76,0,73,73,9,0
00:14:09, 25.9,  5.9,76,0,72,73,10,0
00:14:10, 25.6,  5.9,74,0,71,73,9,0
00:14:11, 25.6,  5.9,73,0,71,73,9,0
00:14:12, 25.2,  5.9,73,0,70,73,9,0
00:14:13, 24.8,  5.9,72,0,69,73,9,0
00:14:14, 24.5,  5.9,71,0,68,73,9,0
00:14:15, 24.8,  5.9,69,0,69,73,9,0
00:14:16, 24.8,  5.9,71,0,69,73,9,0
00:14:17, 24.8,  5.9,71,0,69,73,9,0
00:14:18, 24.8,  5.9,71,0,69,74,9,0
00:14:19, 24.8,  6.0,71,0,69,74,9,0
00:14:20, 15.8,  6.0,71,0,44,74,15,0
00:14:21, 22.0,  6.0,41,0,61,74,6,0
00:14:22, 24.8,  6.0,61,0,69,74,8,0
00:14:23, 24.8,  6.0,71,0,69,74,9,0
00:14:24, 24.5,  6.0,71,0,68,74,9,0
00:14:25, 24.5,  6.0,69,0,68,74,9,0
00:14:26, 24.5,  6.0,69,0,68,74,9,0
00:14:27, 24.5,  6.0,69,0,68,74,9,0
00:14:28, 24.8,  6.0,69,0,69,74,9,0
00:14:29, 24.8,  6.0,71,0,69,74,9,0
00:14:30, 24.8,  6.0,71,0,69,75,9,0
00:14:31, 24.8,  6.0,71,0,69,75,9,0
00:14:32, 24.8,  6.0,71,0,69,75,9,0
00:14:33, 24.5,  6.0,71,0,68,75,9,0
00:14:34, 24.5,  6.1,69,0,68,75,9,0
00:14:35, 24.5,  6.1,69,0,68,75,9,0
00:14:36, 24.5,  6.1,69,0,68,75,9,0
00:14:37, 24.5,  6.1,69,0,68,75,9,0
00:14:38, 24.5,  6.1,69,0,68,75,9,0
00:14:39, 24.8,  6.1,69,0,69,75,9,0
00:14:40, 24.5,  6.1,71,0,68,75,9,0
00:14:41, 24.5,  6.1,69,0,68,75,9,0
00:14:42, 24.5,  6.1,69,0,68,75,9,0
00:14:43, 24.1,  6.1,69,0,67,76,9,0
00:14:44, 24.1,  6.1,68,0,67,76,9,0
00:14:45, 24.1,  6.1,68,0,67,76,9,0
00:14:46, 24.1,  6.1,68,0,67,76,9,0
00:14:47, 24.5,  6.1,68,0,68,76,9,0
00:14:48, 24.5,  6.1,69,0,68,76,9,0
00:14:49, 24.5,  6.2,69,0,68,76,9,0
00:14:50, 24.5,  6.2,69,0,68,76,9,0
00:14:51, 24.5,  6.2,69,0,68,76,9,0
00:14:52, 24.5,  6.2,69,0,68,76,9,0
00:14:53, 24.5,  6.2,69,0,68,76,9,0
00:14:54, 24.5,  6.2,69,0,68,76,9,0
00:14:55, 24.1,  6.2,69,0,67,77,9,0
00:14:56, 24.1,  6.2,68,0,67,77,9,0
00:14:57, 24.1,  6.2,68,0,67,77,9,0
00:14:58, 23.8,  6.2,68,0,66,77,9,0
00:14:59, 24.1,  6.2,67,0,67,77,9,0
00:15:00, 24.1,  6.2,58,0,67,77,8,0
00:15:01, 24.1,  6.2,58,0,67,77,8,0
00:15:02, 24.1,  6.2,58,0,67,77,8,0
00:15:03, 24.1,  6.2,58,0,67,77,8,0
00:15:04, 24.1,  6.3,58,0,67,77,8,0
00:15:05, 24.1,  6.3,58,0,67,77,8,0
00:15:06, 24.1,  6.3,58,0,67,77,8,0
00:15:07, 24.5,  6.3,58,0,68,77,8,0
00:15:08, 24.5,  6.3,60,0,68,77,8,0
00:15:09, 24.5,  6.3,60,0,68,78,8,0
00:15:10, 24.5,  6.3,60,0,68,78,8,0
00:15:11, 24.5,  6.3,60,0,68,78,8,0
00:15:12, 24.1,  6.3,60,0,67,78,8,0
00:15:13, 24.1,  6.3,58,0,67,78,8,0
00:15:14, 24.1,  6.3,58,0,67,78,8,0
00:15:15, 24.5,  6.3,58,0,68,78,8,0
00:15:16, 24.8,  6.3,60,0,69,78,8,0
00:15:17, 24.8,  6.3,61,0,69,78,8,0
00:15:18, 25.2,  6.4,61,0,70,78,8,0
00:15:19, 25.2,  6.4,62,0,70,78,8,0
00:15:20, 25.2,  6.4,62,0,70,78,8,0
00:15:21, 25.2,  6.4,62,0,70,78,8,0
00:15:22, 25.2,  6.4,62,0,70,78,8,0
00:15:23, 25.2,  6.4,62,0,70,78,8,0
00:15:24, 25.2,  6.4,62,0,70,79,8,0
00:15:25, 24.8,  6.4,62,0,69,79,8,0
00:15:26, 24.8,  6.4,61,0,69,79,8,0
00:15:27, 25.2,  6.4,61,0,70,79,8,0
00:15:28, 25.2,  6.4,62,0,70,79,8,0
00:15:29, 25.2,  6.4,62,0,70,79,8,0
00:15:30, 25.2,  6.4,62,0,70,79,8,0
00:15:31, 24.8,  6.4,62,0,69,79,8,0
00:15:32, 25.2,  6.4,61,0,70,79,8,0
00:15:33, 25.2,  6.5,62,0,70,79,8,0
00:15:34, 25.2,  6.5,62,0,70,79,8,0
00:15:35, 25.6,  6.5,62,0,71,79,8,0
00:15:36, 25.6,  6.5,63,0,71,79,8,0
00:15:37, 25.6,  6.5,63,0,71,80,8,0
00:15:38, 25.6,  6.5,63,0,71,80,8,0
00:15:39, 25.6,  6.5,63,0,71,80,8,0
00:15:40, 25.6,  6.5,63,0,71,80,8,0
00:15:41, 25.6,  6.5,63,0,71,80,8,0
00:15:42, 25.2,  6.5,63,0,70,80,8,0
00:15:43, 25.2,  6.5,62,0,70,80,8,0
00:15:44, 24.8,  6.5,62,0,69,80,8,0
00:15:45, 24.8,  6.5,61,0,69,80,8,0
00:15:46, 24.8,  6.5,61,0,69,80,8,0
00:15:47, 24.8,  6.6,61,0,69,80,8,0
00:15:48, 24.8,  6.6,61,0,69,80,8,0
00:15:49, 24.8,  6.6,61,0,69,80,8,0
00:15:50, 24.8,  6.6,61,0,69,80,8,0
00:15:51, 24.8,  6.6,61,0,69,81,8,0
00:15:52, 24.8,  6.6,61,0,69,81,8,0
00:15:53, 24.5,  6.6,61,0,68,81,8,0
00:15:54, 24.5,  6.6,60,0,68,81,8,0
00:15:55, 24.8,  6.6,60,0,69,81,8,0
00:15:56, 24.8,  6.6,61,0,69,81,8,0
00:15:57, 25.2,  6.6,61,0,70,81,8,0
00:15:58, 25.6,  6.6,62,0,71,81,8,0
00:15:59, 25.6,  6.6,63,0,71,81,8,0
00:16:00, 25.6,  6.6,82,0,71,81,11,0
00:16:01, 25.6,  6.7,82,0,71,81,11,0
00:16:02, 25.6,  6.7,82,0,71,81,11,0
00:16:03, 25.6,  6.7,82,0,71,81,11,0
00:16:04, 25.9,  6.7,82,0,72,82,10,0
00:16:05, 25.6,  6.7,84,0,71,82,11,0
00:16:06, 25.6,  6.7,82,0,71,82,11,0
00:16:07, 25.2,  6.7,82,0,70,82,11,0
00:16:08, 25.2,  6.7,81,0,70,82,11,0
00:16:09, 25.2,  6.7,81,0,70,82,11,0
00:16:10, 25.2,  6.7,81,0,70,82,11,0
00:16:11, 25.2,  6.7,81,0,70,82,11,0
00:16:12, 24.8,  6.7,81,0,69,82,11,0
00:16:13, 25.2,  6.7,80,0,70,82,10,0
00:16:14, 25.6,  6.7,81,0,71,83,10,0
00:16:15, 25.6,  6.8,82,0,71,83,11,0
00:16:16, 25.6,  6.8,82,0,71,83,11,0
00:16:17, 25.6,  6.8,82,0,71,83,11,0
00:16:18, 25.2,  6.8,82,0,70,83,11,0
00:16:19, 25.2,  6.8,81,0,70,83,11,0
00:16:20, 25.6,  6.8,81,0,71,83,10,0
00:16:21, 25.2,  6.8,82,0,70,83,11,0
00:16:22, 24.5,  6.8,81,0,68,83,11,0
00:16:23, 24.8,  6.8,78,0,69,83,10,0
00:16:24, 24.8,  6.8,80,0,69,83,11,0
00:16:25, 24.8,  6.8,80,0,69,84,11,0
00:16:26, 24.8,  6.8,80,0,69,84,11,0
00:16:27, 24.8,  6.8,80,0,69,84,11,0
00:16:28, 24.8,  6.8,80,0,69,84,11,0
00:16:29, 24.8,  6.8,80,0,69,84,11,0
00:16:30, 24.8,  6.9,80,0,69,84,11,0
00:16:31, 24.5,  6.9,80,0,68,84,11,0
00:16:32, 24.5,  6.9,78,0,68,84,10,0
00:16:33, 24.5,  6.9,78,0,68,84,10,0
00:16:34, 24.5,  6.9,78,0,68,84,10,0
00:16:35, 24.5,  6.9,78,0,68,84,10,0
00:16:36, 24.5,  6.9,78,0,68,85,10,0
00:16:37, 24.5,  6.9,78,0,68,85,10,0
00:16:38, 24.5,  6.9,78,0,68,85,10,0
00:16:39, 24.5,  6.9,78,0,68,85,10,0
00:16:40, 24.5,  6.9,78,0,68,85,10,0
00:16:41, 24.5,  6.9,78,0,68,85,10,0
00:16:42, 24.5,  6.9,78,0,68,85,10,0
00:16:43, 24.5,  6.9,78,0,68,85,10,0
00:16:44, 24.1,  6.9,78,0,67,85,11,0
00:16:45, 24.1,  7.0,76,0,67,85,10,0
00:16:46, 24.1,  7.0,76,0,67,85,10,0
00:16:47, 24.1,  7.0,76,0,67,86,10,0
00:16:48, 24.5,  7.0,76,0,68,86,10,0
00:16:49, 24.5,  7.0,78,0,68,86,10,0
00:16:50, 24.5,  7.0,78,0,68,86,10,0
00:16:51, 24.5,  7.0,78,0,68,86,10,0
00:16:52, 24.5,  7.0,78,0,68,86,10,0
00:16:53, 24.5,  7.0,78,0,68,86,10,0
00:16:54, 24.5,  7.0,78,0,68,86,10,0
00:16:55, 24.5,  7.0,78,0,68,86,10,0
00:16:56, 24.5,  7.0,78,0,68,86,10,0
00:16:57, 24.1,  7.0,78,0,67,86,11,0
00:16:58, 24.5,  7.0,76,0,68,87,10,0
00:16:59, 24.5,  7.1,78,0,68,87,10,0
00:17:00, 24.8,  7.1,97,0,69,87,13,0
00:17:01, 25.2,  7.1,99,0,70,87,13,0
00:17:02, 25.2,  7.1,100,0,70,87,13,0
00:17:03, 24.8,  7.1,100,0,69,87,13,0
00:17:04, 24.5,  7.1,99,0,68,87,13,0
00:17:05, 24.8,  7.1,97,0,69,87,13,0
00:17:06, 24.8,  7.1,99,0,69,87,13,0
00:17:07, 24.5,  7.1,99,0,68,88,13,0
00:17:08, 24.5,  7.1,97,0,68,88,13,0
00:17:09, 24.5,  7.1,97,0,68,88,13,0
00:17:10, 24.5,  7.1,97,0,68,88,13,0
00:17:11, 24.5,  7.1,97,0,68,88,13,0
00:17:12, 24.5,  7.1,97,0,68,88,13,0
00:17:13, 24.1,  7.1,97,0,67,88,13,0
00:17:14, 24.1,  7.2,95,0,67,88,13,0
00:17:15, 23.8,  7.2,95,0,66,88,13,0
00:17:16, 23.8,  7.2,94,0,66,89,13,0
00:17:17, 23.8,  7.2,94,0,66,89,13,0
00:17:18, 23.8,  7.2,94,0,66,89,13,0
00:17:19, 23.8,  7.2,94,0,66,89,13,0
00:17:20, 24.1,  7.2,94,0,67,89,13,0
00:17:21, 24.1,  7.2,95,0,67,89,13,0
00:17:22, 23.4,  7.2,95,0,65,89,13,0
00:17:23, 23.8,  7.2,92,0,66,89,13,0
00:17:24, 24.1,  7.2,94,0,67,89,13,0
00:17:25, 24.1,  7.2,95,0,67,90,13,0
00:17:26, 24.1,  7.2,95,0,67,90,13,0
00:17:27, 24.1,  7.2,95,0,67,90,13,0
00:17:28, 24.1,  7.2,95,0,67,90,13,0
00:17:29, 24.1,  7.3,95,0,67,90,13,0
00:17:30, 24.1,  7.3,95,0,67,90,13,0
00:17:31, 23.8,  7.3,95,0,66,90,13,0
00:17:32, 23.4,  7.3,94,0,65,90,13,0
00:17:33, 23.8,  7.3,92,0,66,90,13,0
00:17:34, 24.1,  7.3,94,0,67,91,13,0
00:17:35, 24.5,  7.3,95,0,68,91,13,0
00:17:36, 24.5,  7.3,97,0,68,91,13,0
00:17:37, 24.5,  7.3,97,0,68,91,13,0
00:17:38, 24.5,  7.3,97,0,68,91,13,0
00:17:39, 24.5,  7.3,97,0,68,91,13,0
00:17:40, 24.1,  7.3,97,0,67,91,13,0
00:17:41, 24.1,  7.3,95,0,67,91,13,0
00:17:42, 23.8,  7.3,95,0,66,91,13,0
00:17:43, 23.8,  7.3,94,0,66,92,13,0
00:17:44, 23.4,  7.4,94,0,65,92,13,0
00:17:45, 23.4,  7.4,92,0,65,92,13,0
00:17:46, 23.4,  7.4,92,0,65,92,13,0
00:17:47, 23.4,  7.4,92,0,65,92,13,0
00:17:48, 23.4,  7.4,92,0,65,92,13,0
00:17:49, 23.4,  7.4,92,0,65,92,13,0
00:17:50, 23.4,  7.4,92,0,65,92,13,0
00:17:51, 23.4,  7.4,92,0,65,92,13,0
00:17:52, 23.4,  7.4,92,0,65,92,13,0
00:17:53, 23.8,  7.4,92,0,66,93,13,0
00:17:54, 23.8,  7.4,94,0,66,93,13,0
00:17:55, 23.8,  7.4,94,0,66,93,13,0
00:17:56, 23.8,  7.4,94,0,66,93,13,0
00:17:57, 23.4,  7.4,94,0,65,93,13,0
00:17:58, 23.4,  7.4,92,0,65,93,13,0
00:17:59, 23.8,  7.5,92,0,66,93,13,0
00:18:00, 24.1,  7.5,112,0,67,93,15,0
00:18:01, 23.8,  7.5,114,0,66,93,16,0
00:18:02, 23.8,  7.5,112,0,66,94,16,0
00:18:03, 23.0,  7.5,112,0,64,94,16,0
00:18:04, 22.7,  7.5,108,0,63,94,16,0
00:18:05, 22.7,  7.5,106,0,63,94,16,0
00:18:06, 22.7,  7.5,106,0,63,94,16,0
00:18:07, 22.7,  7.5,106,0,63,94,16,0
00:18:08, 22.7,  7.5,106,0,63,94,16,0
00:18:09, 23.0,  7.5,106,0,64,95,15,0
00:18:10, 23.0,  7.5,108,0,64,95,16,0
00:18:11, 22.3,  7.5,108,0,62,95,16,0
00:18:12, 22.3,  7.5,104,0,62,95,16,0
00:18:13, 22.7,  7.5,104,0,63,95,15,0
00:18:14, 22.7,  7.5,106,0,63,95,16,0
00:18:15, 23.0,  7.6,106,0,64,95,15,0
00:18:16, 23.0,  7.6,108,0,64,95,16,0
00:18:17, 23.0,  7.6,108,0,64,95,16,0
00:18:18, 23.0,  7.6,108,0,64,96,16,0
00:18:19, 23.0,  7.6,108,0,64,96,16,0
00:18:20, 23.0,  7.6,108,0,64,96,16,0
00:18:21, 23.0,  7.6,108,0,64,96,16,0
00:18:22, 22.7,  7.6,108,0,63,96,16,0
00:18:23, 22.3,  7.6,106,0,62,96,16,0
00:18:24, 22.3,  7.6,104,0,62,96,16,0
00:18:25, 22.7,  7.6,104,0,63,96,15,0
00:18:26, 22.7,  7.6,106,0,63,97,16,0
00:18:27, 22.7,  7.6,106,0,63,97,16,0
00:18:28, 22.7,  7.6,106,0,63,97,16,0
00:18:29, 22.3,  7.6,106,0,62,97,16,0
00:18:30, 22.3,  7.6,104,0,62,97,16,0
00:18:31, 21.2,  7.7,104,0,59,97,16,0
00:18:32, 15.1,  7.7,98,0,42,97,22,0
00:18:33, 20.2,  7.7,64,0,56,97,10,0
00:18:34, 22.7,  7.7,92,0,63,98,13,0
00:18:35, 22.7,  7.7,108,0,63,98,16,0
00:18:36, 22.7,  7.7,106,0,63,98,16,0
00:18:37, 22.7,  7.7,106,0,63,98,16,0
00:18:38, 22.7,  7.7,106,0,63,98,16,0
00:18:39, 22.7,  7.7,106,0,63,98,16,0
00:18:40, 22.3,  7.7,106,0,62,98,16,0
00:18:41, 22.3,  7.7,104,0,62,98,16,0
00:18:42, 22.0,  7.7,104,0,61,98,16,0
00:18:43, 22.0,  7.7,102,0,61,99,15,0
00:18:44, 22.3,  7.7,102,0,62,99,15,0
00:18:45, 22.3,  7.7,104,0,62,99,16,0
00:18:46, 22.3,  7.7,104,0,62,99,16,0
00:18:47, 22.3,  7.8,104,0,62,99,16,0
00:18:48, 22.7,  7.8,104,0,63,99,15,0
00:18:49, 22.7,  7.8,106,0,63,99,16,0
00:18:50, 22.7,  7.8,106,0,63,99,16,0
00:18:51, 22.7,  7.8,106,0,63,100,16,0
00:18:52, 22.3,  7.8,106,0,62,100,16,0
00:18:53, 22.3,  7.8,104,0,62,100,16,0
00:18:54, 22.0,  7.8,104,0,61,100,16,0
00:18:55, 22.0,  7.8,102,0,61,100,15,0
00:18:56, 22.0,  7.8,102,0,61,100,15,0
00:18:57, 21.6,  7.8,102,0,60,100,16,0
00:18:58, 22.0,  7.8,99,0,61,100,15,0
00:18:59, 22.0,  7.8,102,0,61,101,15,0
00:19:00, 21.6,  7.8,109,0,60,101,17,0
00:19:01, 21.6,  7.8,107,0,60,101,17,0
00:19:02, 21.6,  7.8,107,0,60,101,17,0
00:19:03, 21.2,  7.8,107,0,59,101,17,0
00:19:04, 20.9,  7.9,105,0,58,101,17,0
00:19:05, 20.9,  7.9,103,0,58,101,16,0
00:19:06, 20.9,  7.9,103,0,58,101,16,0
00:19:07, 20.9,  7.9,103,0,58,102,16,0
00:19:08, 20.9,  7.9,103,0,58,102,16,0
00:19:09, 20.9,  7.9,103,0,58,102,16,0
00:19:10, 20.9,  7.9,103,0,58,102,16,0
00:19:11, 20.9,  7.9,103,0,58,102,16,0
00:19:12, 21.2,  7.9,103,0,59,102,16,0
00:19:13, 21.2,  7.9,105,0,59,102,16,0
00:19:14, 21.6,  7.9,105,0,60,102,16,0
00:19:15, 21.6,  7.9,107,0,60,102,17,0
00:19:16, 21.6,  7.9,107,0,60,103,17,0
00:19:17, 21.6,  7.9,107,0,60,103,17,0
00:19:18, 21.2,  7.9,107,0,59,103,17,0
00:19:19, 20.5,  7.9,105,0,57,103,17,0
00:19:20, 20.5,  7.9,100,0,57,103,16,0
00:19:21, 20.5,  8.0,100,0,57,103,16,0
00:19:22, 20.5,  8.0,100,0,57,103,16,0
00:19:23, 20.5,  8.0,100,0,57,103,16,0
00:19:24, 20.5,  8.0,100,0,57,104,16,0
00:19:25, 20.5,  8.0,100,0,57,104,16,0
00:19:26, 20.5,  8.0,100,0,57,104,16,0
00:19:27, 20.5,  8.0,100,0,57,104,16,0
00:19:28, 20.5,  8.0,100,0,57,104,16,0
00:19:29, 20.5,  8.0,100,0,57,104,16,0
00:19:30, 20.9,  8.0,103,0,58,104,16,0
00:19:31, 20.9,  8.0,103,0,58,104,16,0
00:19:32, 20.5,  8.0,103,0,57,104,17,0
00:19:33, 20.5,  8.0,100,0,57,105,16,0
00:19:34, 20.5,  8.0,100,0,57,105,16,0
00:19:35, 20.5,  8.0,100,0,57,105,16,0
00:19:36, 20.9,  8.0,100,0,58,105,16,0
00:19:37, 21.6,  8.0,103,0,60,105,16,0
00:19:38, 21.6,  8.1,107,0,60,105,17,0
00:19:39, 21.6,  8.1,107,0,60,105,17,0
00:19:40, 20.9,  8.1,107,0,58,105,17,0
00:19:41, 20.9,  8.1,103,0,58,106,16,0
00:19:42, 20.5,  8.1,103,0,57,106,17,0
00:19:43, 20.5,  8.1,100,0,57,106,16,0
00:19:44, 20.5,  8.1,100,0,57,106,16,0
00:19:45, 20.9,  8.1,100,0,58,106,16,0
00:19:46, 20.5,  8.1,103,0,57,106,17,0
00:19:47, 20.5,  8.1,100,0,57,106,16,0
00:19:48, 20.9,  8.1,100,0,58,106,16,0
00:19:49, 20.9,  8.1,103,0,58,107,16,0
00:19:50, 20.9,  8.1,103,0,58,107,16,0
00:19:51, 20.9,  8.1,103,0,58,107,16,0
00:19:52, 20.9,  8.1,103,0,58,107,16,0
00:19:53, 20.9,  8.1,103,0,58,107,16,0
00:19:54, 20.9,  8.1,103,0,58,107,16,0
00:19:55, 20.5,  8.2,103,0,57,107,17,0
00:19:56, 20.2,  8.2,100,0,56,107,17,0
00:19:57, 20.2,  8.2,99,0,56,107,16,0
00:19:58, 20.5,  8.2,99,0,57,108,16,0
00:19:59, 20.9,  8.2,100,0,58,108,16,0
00:20:00, 20.5,  8.2,96,0,57,108,16,0
00:20:01, 20.5,  8.2,93,0,57,108,15,0
00:20:02, 20.5,  8.2,93,0,57,108,15,0
00:20:03, 20.5,  8.2,93,0,57,108,15,0
00:20:04, 20.5,  8.2,93,0,57,108,15,0
00:20:05, 20.5,  8.2,93,0,57,108,15,0
00:20:06, 20.5,  8.2,93,0,57,108,15,0
00:20:07, 20.9,  8.2,93,0,58,109,15,0
00:20:08, 21.6,  8.2,96,0,60,109,15,0
00:20:09, 21.6,  8.2,99,0,60,109,15,0
00:20:10, 21.6,  8.2,99,0,60,109,15,0
00:20:11, 21.2,  8.2,99,0,59,109,16,0
00:20:12, 21.2,  8.2,98,0,59,109,15,0
00:20:13, 20.9,  8.3,98,0,58,109,16,0
00:20:14, 21.2,  8.3,96,0,59,109,15,0
00:20:15, 20.9,  8.3,98,0,58,109,16,0
00:20:16, 20.9,  8.3,96,0,58,110,15,0
00:20:17, 21.2,  8.3,96,0,59,110,15,0
00:20:18, 21.2,  8.3,98,0,59,110,15,0
00:20:19, 21.2,  8.3,98,0,59,110,15,0
00:20:20, 21.2,  8.3,98,0,59,110,15,0
00:20:21, 21.2,  8.3,98,0,59,110,15,0
00:20:22, 20.9,  8.3,98,0,58,110,16,0
00:20:23, 20.9,  8.3,96,0,58,110,15,0
00:20:24, 21.2,  8.3,96,0,59,110,15,0
00:20:25, 20.9,  8.3,98,0,58,111,16,0
00:20:26, 20.5,  8.3,96,0,57,111,16,0
00:20:27, 20.9,  8.3,93,0,58,111,15,0
00:20:28, 21.2,  8.3,96,0,59,111,15,0
00:20:29, 21.2,  8.3,98,0,59,111,15,0
00:20:30, 21.2,  8.4,98,0,59,111,15,0
00:20:31, 20.9,  8.4,98,0,58,111,16,0
00:20:32, 20.5,  8.4,96,0,57,111,16,0
00:20:33, 20.5,  8.4,93,0,57,111,15,0
00:20:34, 20.2,  8.4,93,0,56,112,15,0
00:20:35, 20.2,  8.4,92,0,56,112,15,0
00:20:36, 20.2,  8.4,92,0,56,112,15,0
00:20:37, 20.5,  8.4,92,0,57,112,15,0
00:20:38, 20.9,  8.4,93,0,58,112,15,0
00:20:39, 20.9,  8.4,96,0,58,112,15,0
00:20:40, 20.9,  8.4,96,0,58,112,15,0
00:20:41, 20.9,  8.4,96,0,58,112,15,0
00:20:42, 20.9,  8.4,96,0,58,112,15,0
00:20:43, 20.9,  8.4,96,0,58,113,15,0
00:20:44, 20.5,  8.4,96,0,57,113,16,0
00:20:45, 20.5,  8.4,93,0,57,113,15,0
00:20:46, 20.9,  8.4,93,0,58,113,15,0
00:20:47, 20.5,  8.5,96,0,57,113,16,0
00:20:48, 20.5,  8.5,93,0,57,113,15,0
00:20:49, 20.2,  8.5,92,0,56,113,15,0
00:20:50, 20.2,  8.5,92,0,56,113,15,0
00:20:51, 20.5,  8.5,92,0,57,113,15,0
00:20:52, 20.5,  8.5,93,0,57,114,15,0
00:20:53, 20.5,  8.5,93,0,57,114,15,0
00:20:54, 20.2,  8.5,93,0,56,114,15,0
00:20:55, 20.2,  8.5,92,0,56,114,15,0
00:20:56, 20.2,  8.5,92,0,56,114,15,0
00:20:57, 19.8,  8.5,92,0,55,114,15,0
00:20:58, 20.2,  8.5,90,0,56,114,15,0
00:20:59, 20.2,  8.5,92,0,56,114,15,0
00:21:00, 20.5,  8.5,77,0,57,114,12,0
00:21:01, 21.6,  8.5,78,0,60,114,12,0
00:21:02, 16.6,  8.5,83,0,46,115,17,0
00:21:03, 19.4,  8.5,60,0,54,115,10,0
00:21:04, 20.5,  8.5,73,0,57,115,12,0
00:21:05, 21.2,  8.6,78,0,59,115,12,0
00:21:06, 20.9,  8.6,82,0,58,115,13,0
00:21:07, 20.9,  8.6,80,0,58,115,13,0
00:21:08, 20.5,  8.6,80,0,57,115,13,0
00:21:09, 20.2,  8.6,78,0,56,115,13,0
00:21:10, 20.2,  8.6,77,0,56,115,13,0
00:21:11, 20.5,  8.6,77,0,57,115,12,0
00:21:12, 20.5,  8.6,78,0,57,115,13,0
00:21:13, 20.5,  8.6,78,0,57,116,13,0
00:21:14, 20.5,  8.6,78,0,57,116,13,0
00:21:15, 20.5,  8.6,78,0,57,116,13,0
00:21:16, 20.5,  8.6,78,0,57,116,13,0
00:21:17, 20.9,  8.6,78,0,58,116,12,0
00:21:18, 20.9,  8.6,80,0,58,116,13,0
00:21:19, 20.9,  8.6,80,0,58,116,13,0
00:21:20, 20.9,  8.6,80,0,58,116,13,0
00:21:21, 20.9,  8.6,80,0,58,116,13,0
00:21:22, 20.9,  8.6,80,0,58,116,13,0
00:21:23, 20.9,  8.7,80,0,58,116,13,0
00:21:24, 20.9,  8.7,80,0,58,117,13,0
00:21:25, 20.5,  8.7,80,0,57,117,13,0
00:21:26, 20.5,  8.7,78,0,57,117,13,0
00:21:27, 20.5,  8.7,78,0,57,117,13,0
00:21:28, 20.5,  8.7,78,0,57,117,13,0
00:21:29, 20.5,  8.7,78,0,57,117,13,0
00:21:30, 20.9,  8.7,78,0,58,117,12,0
00:21:31, 21.2,  8.7,80,0,59,117,12,0
00:21:32, 21.2,  8.7,82,0,59,117,13,0
00:21:33, 21.2,  8.7,82,0,59,117,13,0
00:21:34, 21.2,  8.7,82,0,59,118,13,0
00:21:35, 21.2,  8.7,82,0,59,118,13,0
00:21:36, 20.9,  8.7,82,0,58,118,13,0
00:21:37, 21.2,  8.7,80,0,59,118,12,0
00:21:38, 21.2,  8.7,82,0,59,118,13,0
00:21:39, 20.9,  8.7,82,0,58,118,13,0
00:21:40, 20.9,  8.8,80,0,58,118,13,0
00:21:41, 20.9,  8.8,80,0,58,118,13,0
00:21:42, 21.6,  8.8,80,0,60,118,12,0
00:21:43, 21.6,  8.8,83,0,60,118,13,0
00:21:44, 21.6,  8.8,83,0,60,118,13,0
00:21:45, 21.2,  8.8,83,0,59,119,13,0
00:21:46, 21.2,  8.8,82,0,59,119,13,0
00:21:47, 20.9,  8.8,82,0,58,119,13,0
00:21:48, 20.5,  8.8,80,0,57,119,13,0
00:21:49, 20.5,  8.8,78,0,57,119,13,0
00:21:50, 20.5,  8.8,78,0,57,119,13,0
00:21:51, 20.9,  8.8,78,0,58,119,12,0
00:21:52, 21.2,  8.8,80,0,59,119,12,0
00:21:53, 21.6,  8.8,82,0,60,119,13,0
00:21:54, 21.6,  8.8,83,0,60,119,13,0
00:21:55, 22.0,  8.8,83,0,61,119,12,0
00:21:56, 22.0,  8.8,85,0,61,120,13,0
00:21:57, 22.0,  8.9,85,0,61,120,13,0
00:21:58, 22.0,  8.9,85,0,61,120,13,0
00:21:59, 22.0,  8.9,85,0,61,120,13,0
00:22:00, 22.0,  8.9,68,0,61,120,10,0
00:22:01, 22.3,  8.9,70,0,62,120,10,0
00:22:02, 22.3,  8.9,70,0,62,120,10,0
00:22:03, 15.8,  8.9,70,0,44,120,15,0
00:22:04, 19.8,  8.9,46,0,55,120,7,0
00:22:05, 22.0,  8.9,60,0,61,120,9,0
00:22:06, 22.3,  8.9,68,0,62,120,10,0
00:22:07, 22.0,  8.9,70,0,61,120,10,0
00:22:08, 22.0,  8.9,68,0,61,121,10,0
00:22:09, 22.0,  8.9,68,0,61,121,10,0
00:22:10, 22.0,  8.9,68,0,61,121,10,0
00:22:11, 22.0,  8.9,68,0,61,121,10,0
00:22:12, 22.0,  8.9,68,0,61,121,10,0
00:22:13, 21.6,  9.0,68,0,60,121,10,0
00:22:14, 21.6,  9.0,67,0,60,121,10,0
00:22:15, 21.6,  9.0,67,0,60,121,10,0
00:22:16, 21.6,  9.0,67,0,60,121,10,0
00:22:17, 21.6,  9.0,67,0,60,121,10,0
00:22:18, 21.6,  9.0,67,0,60,121,10,0
00:22:19, 21.6,  9.0,67,0,60,121,10,0
00:22:20, 20.9,  9.0,67,0,58,121,11,0
00:22:21, 20.9,  9.0,64,0,58,122,10,0
00:22:22, 20.9,  9.0,64,0,58,122,10,0
00:22:23, 21.2,  9.0,64,0,59,122,10,0
00:22:24, 21.2,  9.0,66,0,59,122,10,0
00:22:25, 21.6,  9.0,66,0,60,122,10,0
00:22:26, 22.0,  9.0,67,0,61,122,10,0
00:22:27, 22.0,  9.0,68,0,61,122,10,0
00:22:28, 22.3,  9.0,68,0,62,122,10,0
00:22:29, 22.3,  9.0,70,0,62,122,10,0
00:22:30, 22.3,  9.1,70,0,62,122,10,0
00:22:31, 22.0,  9.1,70,0,61,122,10,0
00:22:32, 22.0,  9.1,68,0,61,122,10,0
00:22:33, 22.0,  9.1,68,0,61,123,10,0
00:22:34, 22.0,  9.1,68,0,61,123,10,0
00:22:35, 22.0,  9.1,68,0,61,123,10,0
00:22:36, 22.3,  9.1,68,0,62,123,10,0
00:22:37, 22.7,  9.1,70,0,63,123,10,0
00:22:38, 23.0,  9.1,72,0,64,123,10,0
00:22:39, 23.0,  9.1,72,0,64,123,10,0
00:22:40, 23.0,  9.1,72,0,64,123,10,0
00:22:41, 23.0,  9.1,72,0,64,123,10,0
00:22:42, 22.7,  9.1,72,0,63,123,10,0
00:22:43, 22.7,  9.1,72,0,63,123,10,0
00:22:44, 22.7,  9.1,72,0,63,123,10,0
00:22:45, 22.7,  9.1,72,0,63,123,10,0
00:22:46, 22.7,  9.2,72,0,63,124,10,0
00:22:47, 22.3,  9.2,72,0,62,124,11,0
00:22:48, 22.0,  9.2,70,0,61,124,10,0
00:22:49, 21.6,  9.2,68,0,60,124,10,0
00:22:50, 21.6,  9.2,67,0,60,124,10,0
00:22:51, 21.2,  9.2,67,0,59,124,10,0
00:22:52, 21.6,  9.2,66,0,60,124,10,0
00:22:53, 21.2,  9.2,67,0,59,124,10,0
00:22:54, 20.9,  9.2,66,0,58,124,10,0
00:22:55, 20.9,  9.2,64,0,58,124,10,0
00:22:56, 20.9,  9.2,64,0,58,124,10,0
00:22:57, 20.9,  9.2,64,0,58,124,10,0
00:22:58, 21.2,  9.2,64,0,59,125,10,0
00:22:59, 21.2,  9.2,66,0,59,125,10,0
00:23:00, 21.6,  9.2,59,0,60,125,9,0
00:23:01, 22.0,  9.2,59,0,61,125,9,0
00:23:02, 22.3,  9.2,61,0,62,125,9,0
00:23:03, 22.3,  9.3,62,0,62,125,9,0
00:23:04, 22.3,  9.3,62,0,62,125,9,0
00:23:05, 22.3,  9.3,62,0,62,125,9,0
00:23:06, 22.7,  9.3,62,0,63,125,9,0
00:23:07, 22.7,  9.3,64,0,63,125,9,0
00:23:08, 22.7,  9.3,64,0,63,125,9,0
00:23:09, 23.0,  9.3,64,0,64,125,9,0
00:23:10, 23.4,  9.3,64,0,65,125,9,0
00:23:11, 23.4,  9.3,66,0,65,125,9,0
00:23:12, 23.0,  9.3,66,0,64,126,9,0
00:23:13, 22.7,  9.3,64,0,63,126,9,0
00:23:14, 23.0,  9.3,64,0,64,126,9,0
00:23:15, 22.7,  9.3,64,0,63,126,9,0
00:23:16, 22.7,  9.3,64,0,63,126,9,0
00:23:17, 22.7,  9.3,64,0,63,126,9,0
00:23:18, 23.0,  9.3,64,0,64,126,9,0
00:23:19, 22.7,  9.4,64,0,63,126,9,0
00:23:20, 22.7,  9.4,64,0,63,126,9,0
00:23:21, 22.7,  9.4,64,0,63,126,9,0
00:23:22, 22.7,  9.4,64,0,63,126,9,0
00:23:23, 23.0,  9.4,64,0,64,126,9,0
00:23:24, 23.8,  9.4,64,0,66,126,9,0
00:23:25, 23.8,  9.4,67,0,66,127,9,0
00:23:26, 24.1,  9.4,67,0,67,127,9,0
00:23:27, 24.1,  9.4,68,0,67,127,9,0
00:23:28, 24.1,  9.4,68,0,67,127,9,0
00:23:29, 24.5,  9.4,68,0,68,127,9,0
00:23:30, 24.5,  9.4,69,0,68,127,9,0
00:23:31, 24.5,  9.4,69,0,68,127,9,0
00:23:32, 24.5,  9.4,69,0,68,127,9,0
00:23:33, 24.5,  9.4,69,0,68,127,9,0
00:23:34, 24.1,  9.5,69,0,67,127,9,0
00:23:35, 24.1,  9.5,68,0,67,127,9,0
00:23:36, 24.1,  9.5,68,0,67,127,9,0
00:23:37, 24.1,  9.5,68,0,67,127,9,0
00:23:38, 24.1,  9.5,68,0,67,128,9,0
00:23:39, 24.1,  9.5,68,0,67,128,9,0
00:23:40, 24.1,  9.5,68,0,67,128,9,0
00:23:41, 24.1,  9.5,68,0,67,128,9,0
00:23:42, 24.1,  9.5,68,0,67,128,9,0
00:23:43, 24.1,  9.5,68,0,67,128,9,0
00:23:44, 24.1,  9.5,68,0,67,128,9,0
00:23:45, 24.1,  9.5,68,0,67,128,9,0
00:23:46, 24.1,  9.5,68,0,67,128,9,0
00:23:47, 24.5,  9.5,68,0,68,128,9,0
00:23:48, 24.5,  9.5,69,0,68,128,9,0
00:23:49, 24.5,  9.6,69,0,68,128,9,0
00:23:50, 24.1,  9.6,69,0,67,128,9,0
00:23:51, 24.1,  9.6,68,0,67,129,9,0
00:23:52, 24.1,  9.6,68,0,67,129,9,0
00:23:53, 23.8,  9.6,68,0,66,129,9,0
00:23:54, 23.8,  9.6,67,0,66,129,9,0
00:23:55, 23.4,  9.6,67,0,65,129,9,0
00:23:56, 23.4,  9.6,66,0,65,129,9,0
00:23:57, 23.4,  9.6,66,0,65,129,9,0
00:23:58, 23.4,  9.6,66,0,65,129,9,0
00:23:59, 23.8,  9.6,66,0,66,129,9,0
00:24:00, 23.8,  9.6,67,0,66,129,9,0
00:24:01, 23.0,  9.6,67,0,64,129,9,0
00:24:02, 22.7,  9.6,64,0,63,129,9,0
00:24:03, 22.7,  9.6,64,0,63,129,9,0
00:24:04, 22.7,  9.7,64,0,63,130,9,0
00:24:05, 14.4,  9.7,64,0,40,130,15,0
00:24:06, 19.1,  9.7,36,0,53,130,6,0
00:24:07, 20.5,  9.7,51,0,57,130,8,0
00:24:08, 20.9,  9.7,56,0,58,130,9,0
00:24:09, 21.2,  9.7,57,0,59,130,9,0
00:24:10, 21.6,  9.7,59,0,60,130,9,0
00:24:11, 21.6,  9.7,59,0,60,130,9,0
00:24:12, 21.6,  9.7,59,0,60,130,9,0
00:24:13, 21.2,  9.7,59,0,59,130,9,0
00:24:14, 21.2,  9.7,59,0,59,130,9,0
00:24:15, 21.2,  9.7,59,0,59,130,9,0
00:24:16, 21.2,  9.7,59,0,59,130,9,0
00:24:17, 21.2,  9.7,59,0,59,130,9,0
00:24:18, 21.2,  9.7,59,0,59,130,9,0
00:24:19, 20.9,  9.7,59,0,58,131,9,0
00:24:20, 21.2,  9.7,57,0,59,131,9,0
00:24:21, 21.2,  9.8,59,0,59,131,9,0
00:24:22, 21.2,  9.8,59,0,59,131,9,0
00:24:23, 20.9,  9.8,59,0,58,131,9,0
00:24:24, 20.9,  9.8,57,0,58,131,9,0
00:24:25, 20.9,  9.8,57,0,58,131,9,0
00:24:26, 20.9,  9.8,57,0,58,131,9,0
00:24:27, 20.9,  9.8,57,0,58,131,9,0
00:24:28, 20.9,  9.8,57,0,58,131,9,0
00:24:29, 21.2,  9.8,57,0,59,131,9,0
00:24:30, 21.2,  9.8,59,0,59,131,9,0
00:24:31, 21.2,  9.8,59,0,59,131,9,0
00:24:32, 21.2,  9.8,59,0,59,131,9,0
00:24:33, 21.2,  9.8,59,0,59,131,9,0
00:24:34, 21.2,  9.8,59,0,59,132,9,0
00:24:35, 21.2,  9.8,59,0,59,132,9,0
00:24:36, 20.9,  9.8,59,0,58,132,9,0
00:24:37, 21.2,  9.8,57,0,59,132,9,0
00:24:38, 21.2,  9.9,59,0,59,132,9,0
00:24:39, 21.2,  9.9,59,0,59,132,9,0
00:24:40, 21.6,  9.9,59,0,60,132,9,0
00:24:41, 22.0,  9.9,59,0,61,132,9,0
00:24:42, 21.6,  9.9,61,0,60,132,9,0
00:24:43, 21.2,  9.9,59,0,59,132,9,0
00:24:44, 20.9,  9.9,59,0,58,132,9,0
00:24:45, 20.9,  9.9,57,0,58,132,9,0
00:24:46, 21.2,  9.9,57,0,59,132,9,0
00:24:47, 21.2,  9.9,59,0,59,132,9,0
00:24:48, 21.2,  9.9,59,0,59,133,9,0
00:24:49, 20.9,  9.9,59,0,58,133,9,0
00:24:50, 20.9,  9.9,57,0,58,133,9,0
00:24:51, 20.5,  9.9,57,0,57,133,9,0
00:24:52, 20.5,  9.9,56,0,57,133,9,0
00:24:53, 20.9,  9.9,56,0,58,133,9,0
00:24:54, 20.9,  9.9,57,0,58,133,9,0
00:24:55, 20.5, 10.0,57,0,57,133,9,0
00:24:56, 20.5, 10.0,56,0,57,133,9,0
00:24:57, 20.5, 10.0,56,0,57,133,9,0
00:24:58, 20.9, 10.0,56,0,58,133,9,0
00:24:59, 21.2, 10.0,57,0,59,133,9,0
00:25:00, 21.2, 10.0,66,0,59,133,10,0
00:25:01, 20.9, 10.0,66,0,58,133,10,0
00:25:02, 20.5, 10.0,63,0,57,133,10,0
00:25:03, 20.5, 10.0,63,0,57,133,10,0
00:25:04, 20.9, 10.0,63,0,58,134,10,0
00:25:05, 21.2, 10.0,64,0,59,134,10,0
00:25:06, 21.6, 10.0,66,0,60,134,10,0
00:25:07, 22.0, 10.0,67,0,61,134,10,0
00:25:08, 22.0, 10.0,68,0,61,134,10,0
00:25:09, 22.0, 10.0,68,0,61,134,10,0
00:25:10, 22.0, 10.0,68,0,61,134,10,0
00:25:11, 22.0, 10.0,68,0,61,134,10,0
00:25:12, 21.6, 10.0,68,0,60,134,10,0
00:25:13, 22.0, 10.1,67,0,61,134,10,0
00:25:14, 22.0, 10.1,68,0,61,134,10,0
00:25:15, 22.0, 10.1,68,0,61,134,10,0
00:25:16, 22.0, 10.1,68,0,61,134,10,0
00:25:17, 22.3, 10.1,68,0,62,135,10,0
00:25:18, 22.7, 10.1,70,0,63,135,10,0
00:25:19, 22.7, 10.1,72,0,63,135,10,0
00:25:20, 22.7, 10.1,72,0,63,135,10,0
00:25:21, 22.3, 10.1,72,0,62,135,11,0
00:25:22, 22.3, 10.1,70,0,62,135,10,0
00:25:23, 22.3, 10.1,70,0,62,135,10,0
00:25:24, 22.3, 10.1,70,0,62,135,10,0
00:25:25, 22.0, 10.1,70,0,61,135,10,0
00:25:26, 21.6, 10.1,68,0,60,135,10,0
00:25:27, 21.6, 10.1,67,0,60,135,10,0
00:25:28, 22.0, 10.1,67,0,61,135,10,0
00:25:29, 22.7, 10.1,68,0,63,136,10,0
00:25:30, 23.0, 10.2,72,0,64,136,10,0
00:25:31, 23.0, 10.2,72,0,64,136,10,0
00:25:32, 23.0, 10.2,72,0,64,136,10,0
00:25:33, 22.7, 10.2,72,0,63,136,10,0
00:25:34, 22.7, 10.2,72,0,63,136,10,0
00:25:35, 22.7, 10.2,72,0,63,136,10,0
00:25:36, 22.7, 10.2,72,0,63,136,10,0
00:25:37, 22.3, 10.2,72,0,62,136,11,0
00:25:38, 22.3, 10.2,70,0,62,136,10,0
00:25:39, 22.7, 10.2,70,0,63,136,10,0
00:25:40, 22.7, 10.2,72,0,63,136,10,0
00:25:41, 22.3, 10.2,72,0,62,137,11,0
00:25:42, 22.3, 10.2,70,0,62,137,10,0
00:25:43, 22.0, 10.2,70,0,61,137,10,0
00:25:44, 22.0, 10.2,68,0,61,137,10,0
00:25:45, 22.0, 10.2,68,0,61,137,10,0
00:25:46, 22.3, 10.3,68,0,62,137,10,0
00:25:47, 22.7, 10.3,70,0,63,137,10,0
00:25:48, 22.7, 10.3,72,0,63,137,10,0
00:25:49, 22.3, 10.3,72,0,62,137,11,0
00:25:50, 22.3, 10.3,70,0,62,137,10,0
00:25:51, 22.3, 10.3,70,0,62,137,10,0
00:25:52, 22.3, 10.3,70,0,62,137,10,0
00:25:53, 22.3, 10.3,70,0,62,138,10,0
00:25:54, 22.3, 10.3,70,0,62,138,10,0
00:25:55, 22.0, 10.3,70,0,61,138,10,0
00:25:56, 22.0, 10.3,68,0,61,138,10,0
00:25:57, 22.0, 10.3,68,0,61,138,10,0
00:25:58, 21.6, 10.3,68,0,60,138,10,0
00:25:59, 21.6, 10.3,67,0,60,138,10,0
00:26:00, 22.0, 10.3,75,0,61,138,11,0
00:26:01, 22.0, 10.3,77,0,61,138,12,0
00:26:02, 22.0, 10.4,77,0,61,138,12,0
00:26:03, 21.6, 10.4,77,0,60,138,12,0
00:26:04, 21.2, 10.4,75,0,59,138,12,0
00:26:05, 21.2, 10.4,74,0,59,139,11,0
00:26:06, 21.2, 10.4,74,0,59,139,11,0
00:26:07, 21.2, 10.4,74,0,59,139,11,0
00:26:08, 20.9, 10.4,74,0,58,139,12,0
00:26:09, 20.9, 10.4,72,0,58,139,11,0
00:26:10, 20.9, 10.4,72,0,58,139,11,0
00:26:11, 20.9, 10.4,72,0,58,139,11,0
00:26:12, 20.9, 10.4,72,0,58,139,11,0
00:26:13, 20.9, 10.4,72,0,58,139,11,0
00:26:14, 20.9, 10.4,72,0,58,139,11,0
00:26:15, 21.2, 10.4,72,0,59,139,11,0
00:26:16, 21.2, 10.4,74,0,59,139,11,0
00:26:17, 21.2, 10.4,74,0,59,140,11,0
00:26:18, 21.2, 10.4,74,0,59,140,11,0
00:26:19, 21.2, 10.5,74,0,59,140,11,0
00:26:20, 21.2, 10.5,74,0,59,140,11,0
00:26:21, 21.6, 10.5,74,0,60,140,11,0
00:26:22, 21.6, 10.5,75,0,60,140,11,0
00:26:23, 21.6, 10.5,75,0,60,140,11,0
00:26:24, 22.0, 10.5,75,0,61,140,11,0
00:26:25, 22.0, 10.5,77,0,61,140,12,0
00:26:26, 21.6, 10.5,77,0,60,140,12,0
00:26:27, 21.6, 10.5,75,0,60,140,11,0
00:26:28, 21.6, 10.5,75,0,60,140,11,0
00:26:29, 21.6, 10.5,75,0,60,141,11,0
00:26:30, 21.6, 10.5,75,0,60,141,11,0
00:26:31, 21.2, 10.5,75,0,59,141,12,0
00:26:32, 21.2, 10.5,74,0,59,141,11,0
00:26:33, 20.9, 10.5,74,0,58,141,12,0
00:26:34, 21.2, 10.5,72,0,59,141,11,0
00:26:35, 21.6, 10.5,74,0,60,141,11,0
00:26:36, 22.0, 10.6,75,0,61,141,11,0
00:26:37, 22.0, 10.6,77,0,61,141,12,0
00:26:38, 22.0, 10.6,77,0,61,141,12,0
00:26:39, 22.0, 10.6,77,0,61,141,12,0
00:26:40, 22.0, 10.6,77,0,61,142,12,0
00:26:41, 22.7, 10.6,77,0,63,142,11,0
00:26:42, 23.0, 10.6,80,0,64,142,11,0
00:26:43, 23.0, 10.6,81,0,64,142,12,0
00:26:44, 22.3, 10.6,81,0,62,142,12,0
00:26:45, 22.3, 10.6,79,0,62,142,12,0
00:26:46, 22.0, 10.6,79,0,61,142,12,0
00:26:47, 22.0, 10.6,77,0,61,142,12,0
00:26:48, 22.0, 10.6,77,0,61,142,12,0
00:26:49, 22.0, 10.6,77,0,61,142,12,0
00:26:50, 22.0, 10.6,77,0,61,142,12,0
00:26:51, 22.0, 10.6,77,0,61,143,12,0
00:26:52, 22.0, 10.7,77,0,61,143,12,0
00:26:53, 22.0, 10.7,77,0,61,143,12,0
00:26:54, 21.6, 10.7,77,0,60,143,12,0
00:26:55, 21.6, 10.7,75,0,60,143,11,0
00:26:56, 21.2, 10.7,75,0,59,143,12,0
00:26:57, 21.2, 10.7,74,0,59,143,11,0
00:26:58, 21.2, 10.7,74,0,59,143,11,0
00:26:59, 21.6, 10.7,74,0,60,143,11,0
00:27:00, 21.6, 10.7,83,0,60,143,13,0
00:27:01, 21.2, 10.7,83,0,59,143,13,0
00:27:02, 21.2, 10.7,82,0,59,144,13,0
00:27:03, 20.9, 10.7,82,0,58,144,13,0
00:27:04, 20.9, 10.7,80,0,58,144,13,0
00:27:05, 21.2, 10.7,80,0,59,144,12,0
00:27:06, 21.6, 10.7,82,0,60,144,13,0
00:27:07, 21.6, 10.7,83,0,60,144,13,0
00:27:08, 21.6, 10.7,83,0,60,144,13,0
00:27:09, 22.0, 10.8,83,0,61,144,12,0
00:27:10, 21.6, 10.8,85,0,60,144,13,0
00:27:11, 21.2, 10.8,83,0,59,144,13,0
00:27:12, 21.2, 10.8,82,0,59,144,13,0
00:27:13, 21.6, 10.8,82,0,60,145,13,0
00:27:14, 21.6, 10.8,83,0,60,145,13,0
00:27:15, 21.6, 10.8,83,0,60,145,13,0
00:27:16, 22.0, 10.8,83,0,61,145,12,0
00:27:17, 22.3, 10.8,85,0,62,145,13,0
00:27:18, 22.7, 10.8,87,0,63,145,13,0
00:27:19, 22.7, 10.8,89,0,63,145,13,0
00:27:20, 22.7, 10.8,89,0,63,145,13,0
00:27:21, 22.7, 10.8,89,0,63,145,13,0
00:27:22, 22.7, 10.8,89,0,63,145,13,0
00:27:23, 22.3, 10.8,89,0,62,146,13,0
00:27:24, 22.3, 10.8,87,0,62,146,13,0
00:27:25, 22.3, 10.9,87,0,62,146,13,0
00:27:26, 22.3, 10.9,87,0,62,146,13,0
00:27:27, 22.0, 10.9,87,0,61,146,13,0
00:27:28, 21.6, 10.9,85,0,60,146,13,0
00:27:29, 22.0, 10.9,83,0,61,146,12,0
00:27:30, 22.0, 10.9,85,0,61,146,13,0
00:27:31, 22.0, 10.9,85,0,61,146,13,0
00:27:32, 21.6, 10.9,85,0,60,146,13,0
00:27:33, 21.2, 10.9,83,0,59,147,13,0
00:27:34, 21.6, 10.9,82,0,60,147,13,0
00:27:35, 22.0, 10.9,83,0,61,147,12,0
00:27:36, 22.3, 10.9,85,0,62,147,13,0
00:27:37, 22.3, 10.9,87,0,62,147,13,0
00:27:38, 22.3, 10.9,87,0,62,147,13,0
00:27:39, 22.3, 10.9,87,0,62,147,13,0
00:27:40, 22.3, 10.9,87,0,62,147,13,0
00:27:41, 22.0, 11.0,87,0,61,147,13,0
00:27:42, 21.2, 11.0,85,0,59,147,13,0
00:27:43, 21.2, 11.0,82,0,59,148,13,0
00:27:44, 20.9, 11.0,82,0,58,148,13,0
00:27:45, 20.9, 11.0,80,0,58,148,13,0
00:27:46, 21.2, 11.0,80,0,59,148,12,0
00:27:47, 21.2, 11.0,82,0,59,148,13,0
00:27:48, 21.2, 11.0,82,0,59,148,13,0
00:27:49, 21.2, 11.0,82,0,59,148,13,0
00:27:50, 21.2, 11.0,82,0,59,148,13,0
00:27:51, 21.2, 11.0,82,0,59,148,13,0
00:27:52, 21.2, 11.0,82,0,59,148,13,0
00:27:53, 21.2, 11.0,82,0,59,149,13,0
00:27:54, 21.2, 11.0,82,0,59,149,13,0
00:27:55, 20.9, 11.0,82,0,58,149,13,0
00:27:56, 20.5, 11.0,80,0,57,149,13,0
00:27:57, 20.5, 11.0,78,0,57,149,13,0
00:27:58, 20.9, 11.1,78,0,58,149,12,0
00:27:59, 21.2, 11.1,80,0,59,149,12,0
00:28:00, 22.0, 11.1,66,0,61,149,10,0
00:28:01, 22.0, 11.1,68,0,61,149,10,0
00:28:02, 13.7, 11.1,68,0,38,149,17,0
00:28:03, 15.8, 11.1,38,0,44,149,8,0
00:28:04, 19.4, 11.1,46,0,54,149,8,0
00:28:05, 20.9, 11.1,59,0,58,149,9,0
00:28:06, 21.6, 11.1,64,0,60,150,10,0
00:28:07, 21.6, 11.1,67,0,60,150,10,0
00:28:08, 21.6, 11.1,67,0,60,150,10,0
00:28:09, 21.6, 11.1,67,0,60,150,10,0
00:28:10, 21.6, 11.1,67,0,60,150,10,0
00:28:11, 21.2, 11.1,67,0,59,150,10,0
00:28:12, 21.2, 11.1,66,0,59,150,10,0
00:28:13, 21.2, 11.1,66,0,59,150,10,0
00:28:14, 21.2, 11.1,66,0,59,150,10,0
00:28:15, 21.6, 11.1,66,0,60,150,10,0
00:28:16, 21.6, 11.2,67,0,60,150,10,0
00:28:17, 22.3, 11.2,67,0,62,150,10,0
00:28:18, 22.3, 11.2,70,0,62,150,10,0
00:28:19, 22.3, 11.2,70,0,62,151,10,0
00:28:20, 22.3, 11.2,70,0,62,151,10,0
00:28:21, 22.3, 11.2,70,0,62,151,10,0
00:28:22, 22.3, 11.2,70,0,62,151,10,0
00:28:23, 22.3, 11.2,70,0,62,151,10,0
00:28:24, 22.0, 11.2,70,0,61,151,10,0
00:28:25, 22.7, 11.2,72,0,63,151,10,0
00:28:26, 22.7, 11.2,72,0,63,151,10,0
00:28:27, 22.7, 11.2,72,0,63,151,10,0
00:28:28, 22.7, 11.2,72,0,63,151,10,0
00:28:29, 22.3, 11.2,72,0,62,151,11,0
00:28:30, 22.3, 11.2,70,0,62,151,10,0
00:28:31, 22.3, 11.2,70,0,62,151,10,0
00:28:32, 22.3, 11.2,70,0,62,152,10,0
00:28:33, 22.3, 11.3,70,0,62,152,10,0
00:28:34, 22.3, 11.3,70,0,62,152,10,0
00:28:35, 22.3, 11.3,70,0,62,152,10,0
00:28:36, 22.3, 11.3,70,0,62,152,10,0
00:28:37, 22.3, 11.3,70,0,62,152,10,0
00:28:38, 22.0, 11.3,70,0,61,152,10,0
00:28:39, 22.0, 11.3,68,0,61,152,10,0
00:28:40, 22.0, 11.3,68,0,61,152,10,0
00:28:41, 22.3, 11.3,68,0,62,152,10,0
00:28:42, 22.3, 11.3,70,0,62,152,10,0
00:28:43, 22.3, 11.3,70,0,62,152,10,0
00:28:44, 22.7, 11.3,70,0,63,153,10,0
00:28:45, 22.7, 11.3,72,0,63,153,10,0
00:28:46, 22.7, 11.3,72,0,63,153,10,0
00:28:47, 22.3, 11.3,72,0,62,153,11,0
00:28:48, 22.3, 11.3,70,0,62,153,10,0
00:28:49, 22.0, 11.4,70,0,61,153,10,0
00:28:50, 22.3, 11.4,68,0,62,153,10,0
00:28:51, 22.3, 11.4,70,0,62,153,10,0
00:28:52, 22.3, 11.4,70,0,62,153,10,0
00:28:53, 22.3, 11.4,70,0,62,153,10,0
00:28:54, 22.3, 11.4,70,0,62,153,10,0
00:28:55, 22.3, 11.4,70,0,62,153,10,0
00:28:56, 22.0, 11.4,70,0,61,153,10,0
00:28:57, 22.0, 11.4,68,0,61,154,10,0
00:28:58, 22.0, 11.4,68,0,61,154,10,0
00:28:59, 22.3, 11.4,68,0,62,154,10,0
00:29:00, 22.7, 11.4,53,0,63,154,8,0
00:29:01, 23.4, 11.4,55,0,65,154,8,0
00:29:02, 23.4, 11.4,57,0,65,154,8,0
00:29:03, 14.4, 11.4,57,0,40,154,13,0
00:29:04, 20.2, 11.4,31,0,56,154,5,0
00:29:05, 24.1, 11.4,47,0,67,154,6,0
00:29:06, 24.5, 11.5,58,0,68,154,8,0
00:29:07, 24.8, 11.5,60,0,69,154,8,0
00:29:08, 24.8, 11.5,61,0,69,154,8,0
00:29:09, 24.1, 11.5,61,0,67,154,8,0
00:29:10, 23.4, 11.5,58,0,65,154,8,0
00:29:11, 23.4, 11.5,57,0,65,154,8,0
00:29:12, 23.4, 11.5,57,0,65,154,8,0
00:29:13, 23.0, 11.5,57,0,64,155,8,0
00:29:14, 23.4, 11.5,55,0,65,155,8,0
00:29:15, 23.8, 11.5,57,0,66,155,8,0
00:29:16, 23.4, 11.5,58,0,65,155,8,0
00:29:17, 23.4, 11.5,57,0,65,155,8,0
00:29:18, 23.4, 11.5,57,0,65,155,8,0
00:29:19, 23.0, 11.5,57,0,64,155,8,0
00:29:20, 23.0, 11.5,55,0,64,155,8,0
00:29:21, 23.0, 11.5,55,0,64,155,8,0
00:29:22, 23.4, 11.6,55,0,65,155,8,0
00:29:23, 23.8, 11.6,57,0,66,155,8,0
00:29:24, 23.8, 11.6,58,0,66,155,8,0
00:29:25, 23.8, 11.6,58,0,66,155,8,0
00:29:26, 23.8, 11.6,58,0,66,155,8,0
00:29:27, 23.8, 11.6,58,0,66,155,8,0
00:29:28, 23.4, 11.6,58,0,65,156,8,0
00:29:29, 23.8, 11.6,57,0,66,156,8,0
00:29:30, 24.1, 11.6,58,0,67,156,8,0
00:29:31, 24.1, 11.6,58,0,67,156,8,0
00:29:32, 24.1, 11.6,58,0,67,156,8,0
00:29:33, 24.1, 11.6,58,0,67,156,8,0
00:29:34, 24.5, 11.6,58,0,68,156,8,0
00:29:35, 24.1, 11.6,60,0,67,156,8,0
00:29:36, 24.1, 11.6,58,0,67,156,8,0
00:29:37, 24.1, 11.7,58,0,67,156,8,0
00:29:38, 24.1, 11.7,58,0,67,156,8,0
00:29:39, 23.8, 11.7,58,0,66,156,8,0
00:29:40, 23.4, 11.7,58,0,65,156,8,0
00:29:41, 23.8, 11.7,57,0,66,156,8,0
00:29:42, 23.8, 11.7,58,0,66,156,8,0
00:29:43, 23.8, 11.7,58,0,66,157,8,0
00:29:44, 23.8, 11.7,58,0,66,157,8,0
00:29:45, 23.8, 11.7,58,0,66,157,8,0
00:29:46, 23.8, 11.7,58,0,66,157,8,0
00:29:47, 23.8, 11.7,58,0,66,157,8,0
00:29:48, 23.8, 11.7,58,0,66,157,8,0
00:29:49, 23.8, 11.7,58,0,66,157,8,0
00:29:50